train_file,val_file,group,inliers_cap_1000,inliers_uncapped
train/n02979186/n02979186_8736.JPEG,val/n02979186/n02979186_4720.JPEG,different,0,0
train/n03888257/n03888257_10933.JPEG,val/n03888257/n03888257_171.JPEG,different,0,0
train/n03888257/n03888257_30394.JPEG,val/n03888257/n03888257_171.JPEG,different,0,0
train/n02979186/n02979186_10013.JPEG,val/n02979186/n02979186_4720.JPEG,different,0,0
train/n03417042/n03417042_27014.JPEG,val/n03888257/n03888257_171.JPEG,different,0,0
train/n03417042/n03417042_13448.JPEG,val/n03888257/n03888257_31180.JPEG,different,0,0
train/n03888257/n03888257_13184.JPEG,val/n03888257/n03888257_32001.JPEG,different,0,0
train/n03888257/n03888257_4355.JPEG,val/n03888257/n03888257_32001.JPEG,different,0,0
train/n03888257/n03888257_9667.JPEG,val/n03888257/n03888257_18382.JPEG,different,8,8
train/n03888257/n03888257_3595.JPEG,val/n03888257/n03888257_18921.JPEG,different,0,0
train/n03888257/n03888257_34157.JPEG,val/n03888257/n03888257_32001.JPEG,different,0,0
train/n03888257/n03888257_35555.JPEG,val/n03888257/n03888257_32001.JPEG,different,4,4
train/n03888257/n03888257_18055.JPEG,val/n03888257/n03888257_5722.JPEG,different,0,0
train/n03888257/n03888257_70876.JPEG,val/n03888257/n03888257_58392.JPEG,same_scene,198,198
train/n03417042/n03417042_19158.JPEG,val/n03417042/n03417042_25940.JPEG,same_photo,420,529
train/n03394916/ILSVRC2012_val_00042707.JPEG,val/n03394916/n03394916_68551.JPEG,same_scene,217,217
train/n01440764/n01440764_10969.JPEG,val/n01440764/n01440764_6391.JPEG,same_photo,106,105
train/n03394916/n03394916_44127.JPEG,val/n03394916/n03394916_30631.JPEG,same_scene,217,285
train/n03417042/n03417042_3216.JPEG,val/n03417042/n03417042_4980.JPEG,same_photo,313,453
train/n02102040/n02102040_484.JPEG,val/n02102040/n02102040_3381.JPEG,same_scene,267,426
train/n03417042/n03417042_3158.JPEG,val/n03417042/n03417042_9021.JPEG,same_scene,76,121
train/n01440764/n01440764_2816.JPEG,val/n01440764/n01440764_3560.JPEG,same_photo,217,217
train/n03417042/n03417042_5505.JPEG,val/n03417042/n03417042_7002.JPEG,different,6,6
train/n03417042/n03417042_7728.JPEG,val/n03417042/n03417042_12291.JPEG,same_photo,241,400
train/n02102040/n02102040_1695.JPEG,val/n02102040/n02102040_3311.JPEG,same_photo,160,160
train/n03000684/n03000684_7953.JPEG,val/n03000684/n03000684_15731.JPEG,same_photo,50,50
train/n01440764/n01440764_14885.JPEG,val/n01440764/n01440764_13702.JPEG,same_scene,165,165
train/n03425413/n03425413_17369.JPEG,val/n03425413/n03425413_21332.JPEG,same_scene,178,178
train/n03394916/n03394916_36966.JPEG,val/n03394916/n03394916_33352.JPEG,same_scene,150,183
train/n03394916/n03394916_30943.JPEG,val/n03394916/n03394916_39500.JPEG,same_scene,173,199
train/n03417042/n03417042_3216.JPEG,val/n03417042/n03417042_12531.JPEG,same_photo,129,165
train/n03394916/n03394916_32745.JPEG,val/n03394916/n03394916_39500.JPEG,same_scene,119,128
train/n01440764/n01440764_13679.JPEG,val/n01440764/n01440764_8030.JPEG,same_scene,107,111
train/n02102040/n02102040_986.JPEG,val/n02102040/n02102040_2641.JPEG,same_scene,81,137
train/n03000684/n03000684_1428.JPEG,val/n03000684/n03000684_11701.JPEG,same_scene,144,197
train/n03000684/n03000684_1404.JPEG,val/n03000684/n03000684_7161.JPEG,same_scene,212,385
train/n03000684/n03000684_16537.JPEG,val/n03000684/n03000684_11701.JPEG,same_scene,72,142
train/n03028079/n03028079_7073.JPEG,val/n03028079/n03028079_12330.JPEG,different,105,109
train/n03000684/n03000684_17309.JPEG,val/n03000684/n03000684_11180.JPEG,same_photo,88,135
train/n02102040/n02102040_2474.JPEG,val/n02102040/n02102040_901.JPEG,same_scene,145,145
train/n02102040/n02102040_565.JPEG,val/n02102040/n02102040_2920.JPEG,same_scene,117,175
train/n03445777/n03445777_2356.JPEG,val/n03445777/n03445777_4371.JPEG,same_photo,81,81
train/n03000684/n03000684_1649.JPEG,val/n03000684/n03000684_17082.JPEG,same_scene,114,263
train/n01440764/n01440764_11807.JPEG,val/n01440764/n01440764_11590.JPEG,same_scene,80,80
train/n03000684/n03000684_2265.JPEG,val/n03000684/ILSVRC2012_val_00007460.JPEG,different,22,22
train/n03417042/n03417042_7633.JPEG,val/n03417042/n03417042_742.JPEG,same_scene,87,88
train/n02102040/n02102040_6313.JPEG,val/n02102040/n02102040_312.JPEG,same_scene,58,58
train/n03888257/n03888257_11759.JPEG,val/n03888257/n03888257_42680.JPEG,same_scene,89,89
train/n03445777/n03445777_2137.JPEG,val/n03445777/n03445777_4211.JPEG,same_photo,145,145
train/n03000684/n03000684_1323.JPEG,val/n03000684/n03000684_8890.JPEG,same_scene,43,70
train/n03417042/n03417042_25458.JPEG,val/n03417042/n03417042_19812.JPEG,same_scene,104,104
train/n03417042/n03417042_25504.JPEG,val/n03417042/n03417042_19531.JPEG,different,9,9
train/n03888257/n03888257_38633.JPEG,val/n03888257/n03888257_42680.JPEG,same_scene,80,80
train/n03417042/n03417042_6973.JPEG,val/n03417042/n03417042_652.JPEG,same_scene,72,204
train/n03888257/n03888257_3013.JPEG,val/n03888257/n03888257_13681.JPEG,same_scene,154,196
train/n02102040/n02102040_2516.JPEG,val/n02102040/n02102040_1442.JPEG,same_scene,89,109
train/n02102040/n02102040_6313.JPEG,val/n02102040/n02102040_6652.JPEG,same_scene,59,59
train/n03000684/n03000684_11528.JPEG,val/n03000684/ILSVRC2012_val_00007460.JPEG,different,44,44
train/n03417042/n03417042_3376.JPEG,val/n03417042/n03417042_7002.JPEG,same_photo,142,164
train/n02979186/ILSVRC2012_val_00033397.JPEG,val/n02979186/n02979186_26822.JPEG,same_scene,72,72
train/n03000684/n03000684_4746.JPEG,val/n03000684/ILSVRC2012_val_00007460.JPEG,different,78,78
train/n03888257/n03888257_6338.JPEG,val/n03888257/n03888257_13100.JPEG,same_scene,45,45
train/n01440764/n01440764_7157.JPEG,val/n01440764/n01440764_9780.JPEG,same_photo,154,154
train/n03417042/n03417042_18169.JPEG,val/n03417042/n03417042_19812.JPEG,same_scene,105,105
train/n03445777/n03445777_13918.JPEG,val/n03445777/n03445777_6882.JPEG,same_scene,33,33
train/n03000684/n03000684_16644.JPEG,val/n03000684/n03000684_7620.JPEG,same_scene,103,161
train/n03417042/n03417042_10717.JPEG,val/n03417042/n03417042_802.JPEG,same_scene,96,96
train/n03417042/n03417042_17233.JPEG,val/n03417042/n03417042_26971.JPEG,same_scene,68,68
train/n03425413/n03425413_8504.JPEG,val/n03425413/n03425413_1631.JPEG,same_scene,97,98
train/n03445777/n03445777_14568.JPEG,val/n03445777/n03445777_9771.JPEG,different,74,74
train/n03417042/n03417042_26865.JPEG,val/n03417042/n03417042_27862.JPEG,same_scene,84,84
train/n03445777/n03445777_11236.JPEG,val/n03445777/n03445777_5712.JPEG,same_scene,90,90
train/n03000684/n03000684_18143.JPEG,val/n03000684/n03000684_3271.JPEG,same_scene,124,247
train/n03417042/n03417042_12128.JPEG,val/n03417042/n03417042_12170.JPEG,same_scene,78,140
train/n03888257/n03888257_48.JPEG,val/n03888257/n03888257_29050.JPEG,same_scene,49,49
train/n02102040/n02102040_5096.JPEG,val/n02102040/n02102040_5070.JPEG,different,4,5
train/n02979186/n02979186_10598.JPEG,val/n02979186/n02979186_26590.JPEG,same_photo,25,27
train/n03000684/n03000684_6827.JPEG,val/n03000684/n03000684_7161.JPEG,same_scene,91,185
train/n03000684/n03000684_8368.JPEG,val/n03000684/n03000684_931.JPEG,different,29,29
train/n03417042/n03417042_5098.JPEG,val/n03417042/n03417042_620.JPEG,same_scene,43,66
train/n03417042/n03417042_9378.JPEG,val/n03417042/n03417042_5380.JPEG,same_scene,123,134
train/n03394916/n03394916_35713.JPEG,val/n03394916/n03394916_40741.JPEG,same_scene,31,31
train/n02102040/n02102040_2395.JPEG,val/n02102040/n02102040_5311.JPEG,same_scene,69,88
train/n02102040/n02102040_5488.JPEG,val/n02102040/n02102040_1442.JPEG,same_scene,59,74
train/n03394916/n03394916_16555.JPEG,val/n03394916/n03394916_3731.JPEG,different,0,0
train/n03394916/n03394916_40026.JPEG,val/n03394916/n03394916_10591.JPEG,same_scene,61,61
train/n03445777/n03445777_12744.JPEG,val/n03445777/n03445777_1922.JPEG,different,12,12
train/n03000684/n03000684_3853.JPEG,val/n03000684/n03000684_2402.JPEG,different,0,0
train/n03394916/n03394916_32745.JPEG,val/n03394916/n03394916_37991.JPEG,same_scene,28,29
train/n02102040/n02102040_6109.JPEG,val/n02102040/n02102040_3260.JPEG,same_scene,52,52
train/n03000684/n03000684_16688.JPEG,val/n03000684/n03000684_11672.JPEG,same_photo,21,21
train/n03000684/n03000684_1746.JPEG,val/n03000684/n03000684_6142.JPEG,same_scene,56,139
train/n03000684/n03000684_18788.JPEG,val/n03000684/ILSVRC2012_val_00007460.JPEG,different,48,48
train/n03417042/n03417042_21004.JPEG,val/n03417042/n03417042_19812.JPEG,same_scene,50,50
train/n02102040/n02102040_7974.JPEG,val/n02102040/n02102040_4492.JPEG,same_scene,35,34
train/n03417042/n03417042_19596.JPEG,val/n03417042/n03417042_18601.JPEG,different,123,141
train/n03888257/n03888257_7294.JPEG,val/n03888257/n03888257_42680.JPEG,same_scene,56,56
train/n01440764/ILSVRC2012_val_00024327.JPEG,val/n01440764/ILSVRC2012_val_00017700.JPEG,same_scene,45,45
train/n01440764/n01440764_1995.JPEG,val/n01440764/n01440764_2490.JPEG,same_scene,56,72
train/n02979186/n02979186_13427.JPEG,val/n02979186/n02979186_13061.JPEG,same_scene,38,38
train/n03000684/n03000684_4526.JPEG,val/n03000684/n03000684_16611.JPEG,different,9,9
train/n03028079/n03028079_7073.JPEG,val/n03028079/n03028079_7471.JPEG,different,33,33
train/n03394916/n03394916_35469.JPEG,val/n03394916/n03394916_21092.JPEG,same_scene,45,45
train/n03394916/n03394916_36855.JPEG,val/n03394916/n03394916_34752.JPEG,same_scene,25,30
train/n03417042/n03417042_12266.JPEG,val/n03417042/n03417042_802.JPEG,same_scene,55,57
train/n03417042/n03417042_18536.JPEG,val/n03417042/n03417042_17142.JPEG,different,112,165
train/n03417042/n03417042_684.JPEG,val/n03417042/n03417042_25212.JPEG,different,66,66
train/n03425413/n03425413_4619.JPEG,val/n03425413/n03425413_11470.JPEG,different,15,15
train/n01440764/ILSVRC2012_val_00009346.JPEG,val/n01440764/n01440764_12291.JPEG,random same-class,0,0
train/n01440764/ILSVRC2012_val_00009346.JPEG,val/n01440764/n01440764_292.JPEG,random same-class,0,0
train/n01440764/ILSVRC2012_val_00012503.JPEG,val/n01440764/n01440764_6760.JPEG,random same-class,4,4
train/n01440764/ILSVRC2012_val_00017699.JPEG,val/n01440764/n01440764_5680.JPEG,random same-class,6,6
train/n01440764/ILSVRC2012_val_00017995.JPEG,val/n01440764/n01440764_710.JPEG,random same-class,0,0
train/n01440764/ILSVRC2012_val_00024327.JPEG,val/n01440764/n01440764_9031.JPEG,random same-class,0,0
train/n01440764/ILSVRC2012_val_00026064.JPEG,val/n01440764/n01440764_10120.JPEG,random same-class,0,0
train/n01440764/ILSVRC2012_val_00026397.JPEG,val/n01440764/n01440764_4490.JPEG,random same-class,5,6
train/n01440764/ILSVRC2012_val_00034654.JPEG,val/n01440764/ILSVRC2012_val_00029930.JPEG,random same-class,6,0
train/n01440764/ILSVRC2012_val_00037383.JPEG,val/n01440764/n01440764_2102.JPEG,random same-class,0,0
train/n01440764/ILSVRC2012_val_00037596.JPEG,val/n01440764/n01440764_9890.JPEG,random same-class,0,0
train/n01440764/ILSVRC2012_val_00041939.JPEG,val/n01440764/n01440764_650.JPEG,random same-class,0,0
train/n01440764/n01440764_10066.JPEG,val/n01440764/n01440764_421.JPEG,random same-class,4,0
train/n01440764/n01440764_1009.JPEG,val/n01440764/n01440764_9442.JPEG,random same-class,5,7
train/n01440764/n01440764_1024.JPEG,val/n01440764/n01440764_7492.JPEG,random same-class,5,5
train/n01440764/n01440764_10317.JPEG,val/n01440764/ILSVRC2012_val_00046252.JPEG,random same-class,0,5
train/n01440764/n01440764_10398.JPEG,val/n01440764/n01440764_4852.JPEG,random same-class,11,9
train/n01440764/n01440764_10444.JPEG,val/n01440764/n01440764_10470.JPEG,random same-class,0,0
train/n01440764/n01440764_10464.JPEG,val/n01440764/n01440764_10812.JPEG,random same-class,0,0
train/n01440764/n01440764_10464.JPEG,val/n01440764/n01440764_3151.JPEG,random same-class,0,0
train/n01440764/n01440764_10548.JPEG,val/n01440764/n01440764_200.JPEG,random same-class,4,6
train/n01440764/n01440764_10619.JPEG,val/n01440764/n01440764_522.JPEG,random same-class,8,8
train/n01440764/n01440764_1063.JPEG,val/n01440764/n01440764_7462.JPEG,random same-class,8,5
train/n01440764/n01440764_10716.JPEG,val/n01440764/n01440764_12090.JPEG,random same-class,0,0
train/n01440764/n01440764_10726.JPEG,val/n01440764/n01440764_9292.JPEG,random same-class,0,0
train/n01440764/n01440764_10783.JPEG,val/n01440764/n01440764_341.JPEG,random same-class,0,4
train/n01440764/n01440764_10787.JPEG,val/n01440764/n01440764_7210.JPEG,random same-class,6,5
train/n01440764/n01440764_10878.JPEG,val/n01440764/n01440764_4512.JPEG,random same-class,0,6
train/n01440764/n01440764_11063.JPEG,val/n01440764/n01440764_2290.JPEG,random same-class,0,0
train/n01440764/n01440764_11155.JPEG,val/n01440764/n01440764_7462.JPEG,random same-class,0,4
train/n01440764/n01440764_11469.JPEG,val/n01440764/n01440764_6751.JPEG,random same-class,0,0
train/n01440764/n01440764_11469.JPEG,val/n01440764/n01440764_6990.JPEG,random same-class,0,0
train/n01440764/n01440764_11586.JPEG,val/n01440764/n01440764_6421.JPEG,random same-class,0,4
train/n01440764/n01440764_11593.JPEG,val/n01440764/n01440764_12040.JPEG,random same-class,5,5
train/n01440764/n01440764_11626.JPEG,val/n01440764/n01440764_14342.JPEG,random same-class,0,0
train/n01440764/n01440764_11626.JPEG,val/n01440764/n01440764_6751.JPEG,random same-class,0,0
train/n01440764/n01440764_11726.JPEG,val/n01440764/n01440764_5731.JPEG,random same-class,0,0
train/n01440764/n01440764_11816.JPEG,val/n01440764/n01440764_14891.JPEG,random same-class,0,0
train/n01440764/n01440764_11816.JPEG,val/n01440764/n01440764_3251.JPEG,random same-class,0,0
train/n01440764/n01440764_12063.JPEG,val/n01440764/n01440764_5490.JPEG,random same-class,5,5
train/n01440764/n01440764_12157.JPEG,val/n01440764/n01440764_5501.JPEG,random same-class,0,4
train/n01440764/n01440764_12178.JPEG,val/n01440764/n01440764_15071.JPEG,random same-class,0,0
train/n01440764/n01440764_12239.JPEG,val/n01440764/n01440764_19661.JPEG,random same-class,0,0
train/n01440764/n01440764_12283.JPEG,val/n01440764/n01440764_6380.JPEG,random same-class,0,5
train/n01440764/n01440764_12329.JPEG,val/n01440764/n01440764_6391.JPEG,random same-class,4,4
train/n01440764/n01440764_12468.JPEG,val/n01440764/n01440764_1272.JPEG,random same-class,4,4
train/n01440764/n01440764_12498.JPEG,val/n01440764/n01440764_1980.JPEG,random same-class,0,0
train/n01440764/n01440764_12498.JPEG,val/n01440764/n01440764_6391.JPEG,random same-class,0,0
train/n01440764/n01440764_12817.JPEG,val/n01440764/n01440764_10852.JPEG,random same-class,0,0
train/n01440764/n01440764_12848.JPEG,val/n01440764/n01440764_9191.JPEG,random same-class,6,6
train/n01440764/n01440764_13059.JPEG,val/n01440764/n01440764_13452.JPEG,random same-class,3,5
train/n01440764/n01440764_13059.JPEG,val/n01440764/n01440764_2102.JPEG,random same-class,6,6
train/n01440764/n01440764_13116.JPEG,val/n01440764/n01440764_6021.JPEG,random same-class,5,4
train/n01440764/n01440764_1313.JPEG,val/n01440764/n01440764_32420.JPEG,random same-class,4,6
train/n01440764/n01440764_13183.JPEG,val/n01440764/n01440764_12111.JPEG,random same-class,5,5
train/n01440764/n01440764_13344.JPEG,val/n01440764/n01440764_190.JPEG,random same-class,0,0
train/n01440764/n01440764_13974.JPEG,val/n01440764/n01440764_6130.JPEG,random same-class,4,4
train/n01440764/n01440764_13989.JPEG,val/n01440764/n01440764_10410.JPEG,random same-class,0,4
train/n01440764/n01440764_13989.JPEG,val/n01440764/n01440764_762.JPEG,random same-class,5,5
train/n01440764/n01440764_14053.JPEG,val/n01440764/n01440764_7302.JPEG,random same-class,0,0
train/n01440764/n01440764_14448.JPEG,val/n01440764/n01440764_7752.JPEG,random same-class,6,6
train/n01440764/n01440764_14448.JPEG,val/n01440764/n01440764_9940.JPEG,random same-class,0,4
train/n01440764/n01440764_14506.JPEG,val/n01440764/n01440764_3011.JPEG,random same-class,0,0
train/n01440764/n01440764_14549.JPEG,val/n01440764/n01440764_12620.JPEG,random same-class,0,0
train/n01440764/n01440764_14634.JPEG,val/n01440764/n01440764_8191.JPEG,random same-class,0,5
train/n01440764/n01440764_148.JPEG,val/n01440764/n01440764_10792.JPEG,random same-class,5,7
train/n01440764/n01440764_148.JPEG,val/n01440764/n01440764_29551.JPEG,random same-class,7,13
train/n01440764/n01440764_14893.JPEG,val/n01440764/n01440764_9890.JPEG,random same-class,0,5
train/n01440764/n01440764_1656.JPEG,val/n01440764/n01440764_2490.JPEG,random same-class,0,4
train/n01440764/n01440764_1666.JPEG,val/n01440764/n01440764_8852.JPEG,random same-class,0,0
train/n01440764/n01440764_16857.JPEG,val/n01440764/n01440764_13122.JPEG,random same-class,5,5
train/n01440764/n01440764_17174.JPEG,val/n01440764/ILSVRC2012_val_00046252.JPEG,random same-class,0,0
train/n01440764/n01440764_18.JPEG,val/n01440764/n01440764_10852.JPEG,random same-class,0,0
train/n01440764/n01440764_18.JPEG,val/n01440764/n01440764_9031.JPEG,random same-class,0,0
train/n01440764/n01440764_1827.JPEG,val/n01440764/n01440764_16072.JPEG,random same-class,5,0
train/n01440764/n01440764_19403.JPEG,val/n01440764/n01440764_12950.JPEG,random same-class,4,5
train/n01440764/n01440764_19759.JPEG,val/n01440764/n01440764_4852.JPEG,random same-class,4,6
train/n01440764/n01440764_2006.JPEG,val/n01440764/n01440764_12021.JPEG,random same-class,0,0
train/n01440764/n01440764_2006.JPEG,val/n01440764/n01440764_9091.JPEG,random same-class,0,0
train/n01440764/n01440764_2018.JPEG,val/n01440764/n01440764_14802.JPEG,random same-class,0,0
train/n01440764/n01440764_2018.JPEG,val/n01440764/n01440764_7671.JPEG,random same-class,0,0
train/n01440764/n01440764_2043.JPEG,val/n01440764/n01440764_4341.JPEG,random same-class,0,4
train/n01440764/n01440764_2095.JPEG,val/n01440764/n01440764_13770.JPEG,random same-class,5,5
train/n01440764/n01440764_2159.JPEG,val/n01440764/n01440764_9780.JPEG,random same-class,0,0
train/n01440764/n01440764_21955.JPEG,val/n01440764/n01440764_11190.JPEG,random same-class,0,0
train/n01440764/n01440764_21955.JPEG,val/n01440764/n01440764_12211.JPEG,random same-class,0,0
train/n01440764/n01440764_21955.JPEG,val/n01440764/n01440764_5642.JPEG,random same-class,0,0
train/n01440764/n01440764_22029.JPEG,val/n01440764/n01440764_8191.JPEG,random same-class,0,4
train/n01440764/n01440764_24299.JPEG,val/n01440764/n01440764_11602.JPEG,random same-class,0,0
train/n01440764/n01440764_25478.JPEG,val/n01440764/n01440764_9572.JPEG,random same-class,10,10
train/n01440764/n01440764_2636.JPEG,val/n01440764/n01440764_7571.JPEG,random same-class,0,5
train/n01440764/n01440764_2675.JPEG,val/n01440764/n01440764_9491.JPEG,random same-class,0,0
train/n01440764/n01440764_2684.JPEG,val/n01440764/n01440764_8311.JPEG,random same-class,0,5
train/n01440764/n01440764_2823.JPEG,val/n01440764/n01440764_9962.JPEG,random same-class,0,0
train/n01440764/n01440764_2948.JPEG,val/n01440764/n01440764_10342.JPEG,random same-class,5,5
train/n01440764/n01440764_30835.JPEG,val/n01440764/n01440764_14731.JPEG,random same-class,4,4
train/n01440764/n01440764_31293.JPEG,val/n01440764/n01440764_141.JPEG,random same-class,0,0
train/n01440764/n01440764_31656.JPEG,val/n01440764/n01440764_8580.JPEG,random same-class,0,0
train/n01440764/n01440764_3197.JPEG,val/n01440764/n01440764_10491.JPEG,random same-class,5,0
train/n01440764/n01440764_32263.JPEG,val/n01440764/n01440764_13602.JPEG,random same-class,0,0
train/n01440764/n01440764_32328.JPEG,val/n01440764/n01440764_2162.JPEG,random same-class,0,0
train/n01440764/n01440764_3259.JPEG,val/n01440764/n01440764_4681.JPEG,random same-class,6,6
train/n01440764/n01440764_3365.JPEG,val/n01440764/n01440764_10410.JPEG,random same-class,0,5
train/n01440764/n01440764_3566.JPEG,val/n01440764/n01440764_13702.JPEG,random same-class,0,5
train/n01440764/n01440764_3566.JPEG,val/n01440764/n01440764_14190.JPEG,random same-class,8,10
train/n01440764/n01440764_3566.JPEG,val/n01440764/n01440764_1951.JPEG,random same-class,0,5
train/n01440764/n01440764_36.JPEG,val/n01440764/n01440764_4962.JPEG,random same-class,0,0
train/n01440764/n01440764_3648.JPEG,val/n01440764/n01440764_10822.JPEG,random same-class,0,0
train/n01440764/n01440764_3756.JPEG,val/n01440764/n01440764_10531.JPEG,random same-class,4,4
train/n01440764/n01440764_3778.JPEG,val/n01440764/n01440764_13751.JPEG,random same-class,0,0
train/n01440764/n01440764_3779.JPEG,val/n01440764/n01440764_6500.JPEG,random same-class,0,0
train/n01440764/n01440764_3817.JPEG,val/n01440764/n01440764_11830.JPEG,random same-class,0,0
train/n01440764/n01440764_3867.JPEG,val/n01440764/n01440764_1770.JPEG,random same-class,5,4
train/n01440764/n01440764_3867.JPEG,val/n01440764/n01440764_8030.JPEG,random same-class,0,4
train/n01440764/n01440764_39.JPEG,val/n01440764/n01440764_1951.JPEG,random same-class,0,4
train/n01440764/n01440764_3969.JPEG,val/n01440764/n01440764_10531.JPEG,random same-class,0,0
train/n01440764/n01440764_3997.JPEG,val/n01440764/n01440764_14162.JPEG,random same-class,0,0
train/n01440764/n01440764_416.JPEG,val/n01440764/n01440764_10531.JPEG,random same-class,0,0
train/n01440764/n01440764_4279.JPEG,val/n01440764/n01440764_14310.JPEG,random same-class,4,5
train/n01440764/n01440764_4377.JPEG,val/n01440764/n01440764_7820.JPEG,random same-class,6,7
train/n01440764/n01440764_4397.JPEG,val/n01440764/n01440764_8260.JPEG,random same-class,8,8
train/n01440764/n01440764_44.JPEG,val/n01440764/n01440764_12881.JPEG,random same-class,0,0
train/n01440764/n01440764_44.JPEG,val/n01440764/n01440764_1310.JPEG,random same-class,0,0
train/n01440764/n01440764_4448.JPEG,val/n01440764/n01440764_320.JPEG,random same-class,4,4
train/n01440764/n01440764_457.JPEG,val/n01440764/n01440764_6410.JPEG,random same-class,0,0
train/n01440764/n01440764_4616.JPEG,val/n01440764/n01440764_8240.JPEG,random same-class,4,5
train/n01440764/n01440764_4726.JPEG,val/n01440764/n01440764_13860.JPEG,random same-class,0,0
train/n01440764/n01440764_4737.JPEG,val/n01440764/n01440764_8600.JPEG,random same-class,0,0
train/n01440764/n01440764_4744.JPEG,val/n01440764/n01440764_20451.JPEG,random same-class,0,0
train/n01440764/n01440764_4903.JPEG,val/n01440764/n01440764_13452.JPEG,random same-class,0,0
train/n01440764/n01440764_4934.JPEG,val/n01440764/n01440764_27530.JPEG,random same-class,5,5
train/n01440764/n01440764_5068.JPEG,val/n01440764/n01440764_600.JPEG,random same-class,0,0
train/n01440764/n01440764_5133.JPEG,val/n01440764/n01440764_10361.JPEG,random same-class,0,0
train/n01440764/n01440764_5133.JPEG,val/n01440764/n01440764_9191.JPEG,random same-class,0,0
train/n01440764/n01440764_5173.JPEG,val/n01440764/n01440764_14172.JPEG,random same-class,5,5
train/n01440764/n01440764_5256.JPEG,val/n01440764/n01440764_11750.JPEG,random same-class,6,5
train/n01440764/n01440764_5256.JPEG,val/n01440764/n01440764_4260.JPEG,random same-class,5,7
train/n01440764/n01440764_529.JPEG,val/n01440764/n01440764_20451.JPEG,random same-class,0,4
train/n01440764/n01440764_5364.JPEG,val/n01440764/n01440764_2102.JPEG,random same-class,5,5
train/n01440764/n01440764_5376.JPEG,val/n01440764/n01440764_3172.JPEG,random same-class,5,5
train/n01440764/n01440764_5428.JPEG,val/n01440764/n01440764_4490.JPEG,random same-class,0,0
train/n01440764/n01440764_5456.JPEG,val/n01440764/n01440764_7562.JPEG,random same-class,0,0
train/n01440764/n01440764_5634.JPEG,val/n01440764/n01440764_11211.JPEG,random same-class,0,0
train/n01440764/n01440764_5668.JPEG,val/n01440764/n01440764_11612.JPEG,random same-class,0,0
train/n01440764/n01440764_5848.JPEG,val/n01440764/n01440764_11420.JPEG,random same-class,0,0
train/n01440764/n01440764_5869.JPEG,val/n01440764/n01440764_10822.JPEG,random same-class,0,0
train/n01440764/n01440764_5966.JPEG,val/n01440764/n01440764_3202.JPEG,random same-class,10,12
train/n01440764/n01440764_6159.JPEG,val/n01440764/n01440764_10822.JPEG,random same-class,5,4
train/n01440764/n01440764_6246.JPEG,val/n01440764/ILSVRC2012_val_00017472.JPEG,random same-class,0,4
train/n01440764/n01440764_6508.JPEG,val/n01440764/n01440764_26892.JPEG,random same-class,0,0
train/n01440764/n01440764_6548.JPEG,val/n01440764/n01440764_7701.JPEG,random same-class,0,0
train/n01440764/n01440764_6568.JPEG,val/n01440764/n01440764_4512.JPEG,random same-class,0,0
train/n01440764/n01440764_677.JPEG,val/n01440764/n01440764_4611.JPEG,random same-class,5,5
train/n01440764/n01440764_6917.JPEG,val/n01440764/n01440764_11590.JPEG,random same-class,0,0
train/n01440764/n01440764_6917.JPEG,val/n01440764/n01440764_8312.JPEG,random same-class,0,0
train/n01440764/n01440764_6945.JPEG,val/n01440764/n01440764_11830.JPEG,random same-class,0,5
train/n01440764/n01440764_7055.JPEG,val/n01440764/n01440764_29681.JPEG,random same-class,0,0
train/n01440764/n01440764_7153.JPEG,val/n01440764/n01440764_8052.JPEG,random same-class,4,4
train/n01440764/n01440764_7274.JPEG,val/n01440764/n01440764_31170.JPEG,random same-class,6,6
train/n01440764/n01440764_7285.JPEG,val/n01440764/n01440764_1770.JPEG,random same-class,0,0
train/n01440764/n01440764_7379.JPEG,val/n01440764/n01440764_6421.JPEG,random same-class,0,6
train/n01440764/n01440764_7457.JPEG,val/n01440764/n01440764_16072.JPEG,random same-class,0,0
train/n01440764/n01440764_7585.JPEG,val/n01440764/n01440764_6421.JPEG,random same-class,0,4
train/n01440764/n01440764_7754.JPEG,val/n01440764/n01440764_10040.JPEG,random same-class,0,0
train/n01440764/n01440764_78.JPEG,val/n01440764/n01440764_3070.JPEG,random same-class,0,6
train/n01440764/n01440764_7889.JPEG,val/n01440764/n01440764_141.JPEG,random same-class,0,4
train/n01440764/n01440764_7929.JPEG,val/n01440764/n01440764_9152.JPEG,random same-class,0,0
train/n01440764/n01440764_7963.JPEG,val/n01440764/n01440764_20922.JPEG,random same-class,0,0
train/n01440764/n01440764_8077.JPEG,val/n01440764/n01440764_14341.JPEG,random same-class,0,0
train/n01440764/n01440764_8077.JPEG,val/n01440764/n01440764_7792.JPEG,random same-class,0,0
train/n01440764/n01440764_8163.JPEG,val/n01440764/n01440764_7671.JPEG,random same-class,6,7
train/n01440764/n01440764_8164.JPEG,val/n01440764/n01440764_14731.JPEG,random same-class,0,0
train/n01440764/n01440764_8246.JPEG,val/n01440764/n01440764_10331.JPEG,random same-class,4,4
train/n01440764/n01440764_8246.JPEG,val/n01440764/n01440764_11400.JPEG,random same-class,0,6
train/n01440764/n01440764_8418.JPEG,val/n01440764/n01440764_2102.JPEG,random same-class,6,6
train/n01440764/n01440764_8469.JPEG,val/n01440764/n01440764_3760.JPEG,random same-class,5,8
train/n01440764/n01440764_8528.JPEG,val/n01440764/n01440764_8451.JPEG,random same-class,0,0
train/n01440764/n01440764_853.JPEG,val/n01440764/n01440764_8210.JPEG,random same-class,4,4
train/n01440764/n01440764_8548.JPEG,val/n01440764/n01440764_12241.JPEG,random same-class,0,0
train/n01440764/n01440764_8613.JPEG,val/n01440764/n01440764_3760.JPEG,random same-class,9,12
train/n01440764/n01440764_8623.JPEG,val/n01440764/n01440764_12100.JPEG,random same-class,0,6
train/n01440764/n01440764_8699.JPEG,val/n01440764/n01440764_8240.JPEG,random same-class,0,4
train/n01440764/n01440764_8708.JPEG,val/n01440764/n01440764_2751.JPEG,random same-class,0,0
train/n01440764/n01440764_8805.JPEG,val/n01440764/n01440764_5432.JPEG,random same-class,0,0
train/n01440764/n01440764_8813.JPEG,val/n01440764/n01440764_20650.JPEG,random same-class,0,0
train/n01440764/n01440764_8834.JPEG,val/n01440764/n01440764_19661.JPEG,random same-class,5,5
train/n01440764/n01440764_9399.JPEG,val/n01440764/n01440764_9962.JPEG,random same-class,5,0
train/n01440764/n01440764_9543.JPEG,val/n01440764/n01440764_11211.JPEG,random same-class,0,0
train/n01440764/n01440764_9543.JPEG,val/n01440764/n01440764_3760.JPEG,random same-class,4,4
train/n01440764/n01440764_96.JPEG,val/n01440764/n01440764_8260.JPEG,random same-class,0,0
train/n01440764/n01440764_9753.JPEG,val/n01440764/n01440764_8112.JPEG,random same-class,4,4
train/n01440764/n01440764_9776.JPEG,val/n01440764/n01440764_10792.JPEG,random same-class,4,4
train/n01440764/n01440764_9779.JPEG,val/n01440764/n01440764_8191.JPEG,random same-class,0,4
train/n01440764/n01440764_9855.JPEG,val/n01440764/n01440764_8142.JPEG,random same-class,5,5
train/n01440764/n01440764_9866.JPEG,val/n01440764/n01440764_11570.JPEG,random same-class,0,0
train/n01440764/n01440764_9875.JPEG,val/n01440764/n01440764_8030.JPEG,random same-class,7,7
train/n01440764/n01440764_9885.JPEG,val/n01440764/n01440764_6990.JPEG,random same-class,0,5
train/n01440764/n01440764_9893.JPEG,val/n01440764/n01440764_17050.JPEG,random same-class,7,8
train/n01440764/n01440764_9893.JPEG,val/n01440764/n01440764_20650.JPEG,random same-class,0,6
train/n02102040/ILSVRC2012_val_00000665.JPEG,val/n02102040/n02102040_7412.JPEG,random same-class,0,0
train/n02102040/ILSVRC2012_val_00010994.JPEG,val/n02102040/n02102040_902.JPEG,random same-class,4,4
train/n02102040/ILSVRC2012_val_00018207.JPEG,val/n02102040/n02102040_1782.JPEG,random same-class,7,4
train/n02102040/ILSVRC2012_val_00029518.JPEG,val/n02102040/n02102040_7041.JPEG,random same-class,0,0
train/n02102040/ILSVRC2012_val_00035723.JPEG,val/n02102040/n02102040_2122.JPEG,random same-class,5,6
train/n02102040/ILSVRC2012_val_00035723.JPEG,val/n02102040/n02102040_3450.JPEG,random same-class,0,0
train/n02102040/n02102040_1016.JPEG,val/n02102040/n02102040_5900.JPEG,random same-class,4,5
train/n02102040/n02102040_1036.JPEG,val/n02102040/n02102040_2991.JPEG,random same-class,0,0
train/n02102040/n02102040_1049.JPEG,val/n02102040/ILSVRC2012_val_00023242.JPEG,random same-class,0,0
train/n02102040/n02102040_1064.JPEG,val/n02102040/n02102040_4350.JPEG,random same-class,6,7
train/n02102040/n02102040_1115.JPEG,val/n02102040/n02102040_742.JPEG,random same-class,6,6
train/n02102040/n02102040_1129.JPEG,val/n02102040/n02102040_2830.JPEG,random same-class,0,0
train/n02102040/n02102040_1136.JPEG,val/n02102040/ILSVRC2012_val_00004650.JPEG,random same-class,0,0
train/n02102040/n02102040_114.JPEG,val/n02102040/n02102040_782.JPEG,random same-class,0,0
train/n02102040/n02102040_114.JPEG,val/n02102040/n02102040_7931.JPEG,random same-class,0,0
train/n02102040/n02102040_1178.JPEG,val/n02102040/ILSVRC2012_val_00023440.JPEG,random same-class,0,0
train/n02102040/n02102040_1187.JPEG,val/n02102040/n02102040_8372.JPEG,random same-class,0,13
train/n02102040/n02102040_1238.JPEG,val/n02102040/n02102040_6082.JPEG,random same-class,0,0
train/n02102040/n02102040_1239.JPEG,val/n02102040/n02102040_7562.JPEG,random same-class,4,5
train/n02102040/n02102040_1269.JPEG,val/n02102040/n02102040_142.JPEG,random same-class,9,9
train/n02102040/n02102040_1283.JPEG,val/n02102040/n02102040_4801.JPEG,random same-class,6,5
train/n02102040/n02102040_1336.JPEG,val/n02102040/n02102040_652.JPEG,random same-class,4,4
train/n02102040/n02102040_1346.JPEG,val/n02102040/n02102040_1030.JPEG,random same-class,6,6
train/n02102040/n02102040_1346.JPEG,val/n02102040/n02102040_1791.JPEG,random same-class,0,0
train/n02102040/n02102040_1346.JPEG,val/n02102040/n02102040_3621.JPEG,random same-class,4,0
train/n02102040/n02102040_1388.JPEG,val/n02102040/n02102040_7670.JPEG,random same-class,5,5
train/n02102040/n02102040_1444.JPEG,val/n02102040/n02102040_6060.JPEG,random same-class,0,0
train/n02102040/n02102040_1457.JPEG,val/n02102040/n02102040_2762.JPEG,random same-class,0,8
train/n02102040/n02102040_148.JPEG,val/n02102040/n02102040_6890.JPEG,random same-class,0,4
train/n02102040/n02102040_1539.JPEG,val/n02102040/n02102040_5641.JPEG,random same-class,5,5
train/n02102040/n02102040_155.JPEG,val/n02102040/n02102040_4320.JPEG,random same-class,0,0
train/n02102040/n02102040_1564.JPEG,val/n02102040/n02102040_1160.JPEG,random same-class,0,0
train/n02102040/n02102040_1579.JPEG,val/n02102040/n02102040_7421.JPEG,random same-class,5,4
train/n02102040/n02102040_168.JPEG,val/n02102040/n02102040_4440.JPEG,random same-class,7,9
train/n02102040/n02102040_1703.JPEG,val/n02102040/n02102040_1980.JPEG,random same-class,5,5
train/n02102040/n02102040_1709.JPEG,val/n02102040/n02102040_5030.JPEG,random same-class,5,5
train/n02102040/n02102040_174.JPEG,val/n02102040/n02102040_2920.JPEG,random same-class,4,4
train/n02102040/n02102040_1759.JPEG,val/n02102040/n02102040_571.JPEG,random same-class,5,5
train/n02102040/n02102040_1785.JPEG,val/n02102040/n02102040_6892.JPEG,random same-class,0,0
train/n02102040/n02102040_1824.JPEG,val/n02102040/n02102040_2652.JPEG,random same-class,0,0
train/n02102040/n02102040_1824.JPEG,val/n02102040/n02102040_4241.JPEG,random same-class,0,0
train/n02102040/n02102040_1824.JPEG,val/n02102040/n02102040_970.JPEG,random same-class,0,0
train/n02102040/n02102040_1829.JPEG,val/n02102040/n02102040_7002.JPEG,random same-class,0,0
train/n02102040/n02102040_189.JPEG,val/n02102040/n02102040_1011.JPEG,random same-class,5,5
train/n02102040/n02102040_1907.JPEG,val/n02102040/n02102040_6682.JPEG,random same-class,0,0
train/n02102040/n02102040_1976.JPEG,val/n02102040/n02102040_6710.JPEG,random same-class,0,5
train/n02102040/n02102040_2013.JPEG,val/n02102040/n02102040_3030.JPEG,random same-class,5,5
train/n02102040/n02102040_2014.JPEG,val/n02102040/n02102040_651.JPEG,random same-class,5,5
train/n02102040/n02102040_2035.JPEG,val/n02102040/n02102040_6652.JPEG,random same-class,0,0
train/n02102040/n02102040_205.JPEG,val/n02102040/n02102040_762.JPEG,random same-class,4,5
train/n02102040/n02102040_2085.JPEG,val/n02102040/n02102040_3160.JPEG,random same-class,6,6
train/n02102040/n02102040_209.JPEG,val/n02102040/n02102040_1552.JPEG,random same-class,0,0
train/n02102040/n02102040_209.JPEG,val/n02102040/n02102040_1842.JPEG,random same-class,0,0
train/n02102040/n02102040_2163.JPEG,val/n02102040/n02102040_6340.JPEG,random same-class,0,0
train/n02102040/n02102040_2209.JPEG,val/n02102040/n02102040_5850.JPEG,random same-class,0,0
train/n02102040/n02102040_2248.JPEG,val/n02102040/n02102040_551.JPEG,random same-class,7,7
train/n02102040/n02102040_2316.JPEG,val/n02102040/n02102040_2730.JPEG,random same-class,4,6
train/n02102040/n02102040_2326.JPEG,val/n02102040/n02102040_3610.JPEG,random same-class,0,0
train/n02102040/n02102040_2358.JPEG,val/n02102040/n02102040_2110.JPEG,random same-class,4,4
train/n02102040/n02102040_2395.JPEG,val/n02102040/n02102040_1910.JPEG,random same-class,4,4
train/n02102040/n02102040_2429.JPEG,val/n02102040/ILSVRC2012_val_00025442.JPEG,random same-class,0,0
train/n02102040/n02102040_245.JPEG,val/n02102040/ILSVRC2012_val_00016582.JPEG,random same-class,5,5
train/n02102040/n02102040_2495.JPEG,val/n02102040/n02102040_7941.JPEG,random same-class,0,0
train/n02102040/n02102040_2516.JPEG,val/n02102040/n02102040_7562.JPEG,random same-class,6,6
train/n02102040/n02102040_2523.JPEG,val/n02102040/n02102040_7082.JPEG,random same-class,0,0
train/n02102040/n02102040_2528.JPEG,val/n02102040/n02102040_831.JPEG,random same-class,0,0
train/n02102040/n02102040_2595.JPEG,val/n02102040/n02102040_6262.JPEG,random same-class,4,4
train/n02102040/n02102040_2606.JPEG,val/n02102040/n02102040_8132.JPEG,random same-class,6,6
train/n02102040/n02102040_2685.JPEG,val/n02102040/n02102040_1791.JPEG,random same-class,0,0
train/n02102040/n02102040_2764.JPEG,val/n02102040/n02102040_2852.JPEG,random same-class,0,5
train/n02102040/n02102040_2833.JPEG,val/n02102040/n02102040_1030.JPEG,random same-class,0,0
train/n02102040/n02102040_2876.JPEG,val/n02102040/n02102040_770.JPEG,random same-class,6,6
train/n02102040/n02102040_2887.JPEG,val/n02102040/n02102040_5580.JPEG,random same-class,0,0
train/n02102040/n02102040_2929.JPEG,val/n02102040/n02102040_3311.JPEG,random same-class,0,0
train/n02102040/n02102040_2948.JPEG,val/n02102040/n02102040_651.JPEG,random same-class,0,4
train/n02102040/n02102040_3006.JPEG,val/n02102040/n02102040_6992.JPEG,random same-class,5,5
train/n02102040/n02102040_3013.JPEG,val/n02102040/n02102040_1870.JPEG,random same-class,4,4
train/n02102040/n02102040_3027.JPEG,val/n02102040/n02102040_1642.JPEG,random same-class,4,4
train/n02102040/n02102040_3038.JPEG,val/n02102040/n02102040_3691.JPEG,random same-class,0,5
train/n02102040/n02102040_309.JPEG,val/n02102040/n02102040_1121.JPEG,random same-class,0,0
train/n02102040/n02102040_3156.JPEG,val/n02102040/n02102040_7092.JPEG,random same-class,0,0
train/n02102040/n02102040_3176.JPEG,val/n02102040/n02102040_602.JPEG,random same-class,6,6
train/n02102040/n02102040_337.JPEG,val/n02102040/n02102040_1840.JPEG,random same-class,5,5
train/n02102040/n02102040_337.JPEG,val/n02102040/n02102040_3212.JPEG,random same-class,0,4
train/n02102040/n02102040_3417.JPEG,val/n02102040/n02102040_5311.JPEG,random same-class,5,6
train/n02102040/n02102040_3418.JPEG,val/n02102040/n02102040_1151.JPEG,random same-class,0,0
train/n02102040/n02102040_3476.JPEG,val/n02102040/n02102040_1122.JPEG,random same-class,4,4
train/n02102040/n02102040_3526.JPEG,val/n02102040/n02102040_1091.JPEG,random same-class,5,5
train/n02102040/n02102040_3586.JPEG,val/n02102040/n02102040_7041.JPEG,random same-class,5,5
train/n02102040/n02102040_3593.JPEG,val/n02102040/n02102040_6890.JPEG,random same-class,5,0
train/n02102040/n02102040_3608.JPEG,val/n02102040/n02102040_791.JPEG,random same-class,0,4
train/n02102040/n02102040_364.JPEG,val/n02102040/n02102040_3681.JPEG,random same-class,5,5
train/n02102040/n02102040_364.JPEG,val/n02102040/n02102040_8132.JPEG,random same-class,4,4
train/n02102040/n02102040_3747.JPEG,val/n02102040/n02102040_4481.JPEG,random same-class,4,4
train/n02102040/n02102040_3793.JPEG,val/n02102040/n02102040_6851.JPEG,random same-class,4,4
train/n02102040/n02102040_3837.JPEG,val/n02102040/n02102040_6490.JPEG,random same-class,0,0
train/n02102040/n02102040_3843.JPEG,val/n02102040/n02102040_1302.JPEG,random same-class,0,4
train/n02102040/n02102040_3867.JPEG,val/n02102040/ILSVRC2012_val_00008162.JPEG,random same-class,4,4
train/n02102040/n02102040_388.JPEG,val/n02102040/n02102040_4250.JPEG,random same-class,0,0
train/n02102040/n02102040_3889.JPEG,val/n02102040/n02102040_1841.JPEG,random same-class,4,5
train/n02102040/n02102040_3923.JPEG,val/n02102040/n02102040_661.JPEG,random same-class,6,8
train/n02102040/n02102040_3953.JPEG,val/n02102040/n02102040_2920.JPEG,random same-class,7,6
train/n02102040/n02102040_4033.JPEG,val/n02102040/n02102040_1011.JPEG,random same-class,0,0
train/n02102040/n02102040_4053.JPEG,val/n02102040/n02102040_7222.JPEG,random same-class,0,0
train/n02102040/n02102040_4095.JPEG,val/n02102040/n02102040_1842.JPEG,random same-class,9,9
train/n02102040/n02102040_4228.JPEG,val/n02102040/n02102040_3621.JPEG,random same-class,0,6
train/n02102040/n02102040_4299.JPEG,val/n02102040/ILSVRC2012_val_00040140.JPEG,random same-class,0,4
train/n02102040/n02102040_4349.JPEG,val/n02102040/n02102040_8392.JPEG,random same-class,11,9
train/n02102040/n02102040_4414.JPEG,val/n02102040/n02102040_2652.JPEG,random same-class,4,4
train/n02102040/n02102040_4479.JPEG,val/n02102040/n02102040_3792.JPEG,random same-class,8,8
train/n02102040/n02102040_4619.JPEG,val/n02102040/n02102040_3160.JPEG,random same-class,6,6
train/n02102040/n02102040_4625.JPEG,val/n02102040/n02102040_610.JPEG,random same-class,0,4
train/n02102040/n02102040_467.JPEG,val/n02102040/n02102040_5091.JPEG,random same-class,0,0
train/n02102040/n02102040_4747.JPEG,val/n02102040/n02102040_2481.JPEG,random same-class,0,0
train/n02102040/n02102040_4874.JPEG,val/n02102040/n02102040_6851.JPEG,random same-class,4,4
train/n02102040/n02102040_5057.JPEG,val/n02102040/n02102040_562.JPEG,random same-class,4,0
train/n02102040/n02102040_5125.JPEG,val/n02102040/n02102040_712.JPEG,random same-class,6,6
train/n02102040/n02102040_514.JPEG,val/n02102040/n02102040_621.JPEG,random same-class,0,0
train/n02102040/n02102040_5213.JPEG,val/n02102040/ILSVRC2012_val_00027182.JPEG,random same-class,0,0
train/n02102040/n02102040_5214.JPEG,val/n02102040/n02102040_7130.JPEG,random same-class,5,5
train/n02102040/n02102040_5227.JPEG,val/n02102040/n02102040_761.JPEG,random same-class,0,0
train/n02102040/n02102040_5247.JPEG,val/n02102040/n02102040_1791.JPEG,random same-class,0,0
train/n02102040/n02102040_538.JPEG,val/n02102040/n02102040_2950.JPEG,random same-class,6,6
train/n02102040/n02102040_5419.JPEG,val/n02102040/n02102040_6622.JPEG,random same-class,0,0
train/n02102040/n02102040_5423.JPEG,val/n02102040/n02102040_5390.JPEG,random same-class,6,6
train/n02102040/n02102040_5468.JPEG,val/n02102040/n02102040_5712.JPEG,random same-class,10,10
train/n02102040/n02102040_566.JPEG,val/n02102040/ILSVRC2012_val_00016582.JPEG,random same-class,6,6
train/n02102040/n02102040_5666.JPEG,val/n02102040/n02102040_6652.JPEG,random same-class,5,7
train/n02102040/n02102040_567.JPEG,val/n02102040/n02102040_6490.JPEG,random same-class,0,0
train/n02102040/n02102040_5827.JPEG,val/n02102040/n02102040_4670.JPEG,random same-class,0,0
train/n02102040/n02102040_5883.JPEG,val/n02102040/n02102040_2792.JPEG,random same-class,0,0
train/n02102040/n02102040_5915.JPEG,val/n02102040/n02102040_6892.JPEG,random same-class,0,4
train/n02102040/n02102040_5986.JPEG,val/n02102040/n02102040_4872.JPEG,random same-class,0,0
train/n02102040/n02102040_6009.JPEG,val/n02102040/n02102040_4960.JPEG,random same-class,0,5
train/n02102040/n02102040_616.JPEG,val/n02102040/n02102040_1842.JPEG,random same-class,0,0
train/n02102040/n02102040_6256.JPEG,val/n02102040/n02102040_7262.JPEG,random same-class,5,5
train/n02102040/n02102040_6296.JPEG,val/n02102040/n02102040_3691.JPEG,random same-class,0,0
train/n02102040/n02102040_6388.JPEG,val/n02102040/n02102040_3450.JPEG,random same-class,0,0
train/n02102040/n02102040_6439.JPEG,val/n02102040/n02102040_440.JPEG,random same-class,5,5
train/n02102040/n02102040_6489.JPEG,val/n02102040/n02102040_3062.JPEG,random same-class,4,10
train/n02102040/n02102040_6515.JPEG,val/n02102040/n02102040_7091.JPEG,random same-class,4,6
train/n02102040/n02102040_6603.JPEG,val/n02102040/n02102040_1450.JPEG,random same-class,7,7
train/n02102040/n02102040_6625.JPEG,val/n02102040/n02102040_2000.JPEG,random same-class,4,4
train/n02102040/n02102040_6739.JPEG,val/n02102040/n02102040_3941.JPEG,random same-class,14,14
train/n02102040/n02102040_7159.JPEG,val/n02102040/n02102040_7002.JPEG,random same-class,0,4
train/n02102040/n02102040_7169.JPEG,val/n02102040/n02102040_4090.JPEG,random same-class,0,0
train/n02102040/n02102040_7256.JPEG,val/n02102040/n02102040_1091.JPEG,random same-class,0,0
train/n02102040/n02102040_738.JPEG,val/n02102040/n02102040_1102.JPEG,random same-class,0,6
train/n02102040/n02102040_7465.JPEG,val/n02102040/n02102040_602.JPEG,random same-class,5,5
train/n02102040/n02102040_7484.JPEG,val/n02102040/n02102040_2702.JPEG,random same-class,0,0
train/n02102040/n02102040_7505.JPEG,val/n02102040/n02102040_6951.JPEG,random same-class,5,5
train/n02102040/n02102040_7517.JPEG,val/n02102040/ILSVRC2012_val_00036282.JPEG,random same-class,0,0
train/n02102040/n02102040_7517.JPEG,val/n02102040/n02102040_762.JPEG,random same-class,5,5
train/n02102040/n02102040_7555.JPEG,val/n02102040/n02102040_6552.JPEG,random same-class,4,4
train/n02102040/n02102040_7563.JPEG,val/n02102040/n02102040_7091.JPEG,random same-class,7,7
train/n02102040/n02102040_7626.JPEG,val/n02102040/n02102040_6851.JPEG,random same-class,6,6
train/n02102040/n02102040_7626.JPEG,val/n02102040/n02102040_990.JPEG,random same-class,4,4
train/n02102040/n02102040_7629.JPEG,val/n02102040/n02102040_6781.JPEG,random same-class,0,0
train/n02102040/n02102040_774.JPEG,val/n02102040/n02102040_1091.JPEG,random same-class,0,0
train/n02102040/n02102040_7744.JPEG,val/n02102040/n02102040_3941.JPEG,random same-class,6,6
train/n02102040/n02102040_7804.JPEG,val/n02102040/n02102040_7460.JPEG,random same-class,5,7
train/n02102040/n02102040_7886.JPEG,val/n02102040/n02102040_4262.JPEG,random same-class,0,0
train/n02102040/n02102040_7893.JPEG,val/n02102040/n02102040_1091.JPEG,random same-class,4,4
train/n02102040/n02102040_7938.JPEG,val/n02102040/n02102040_1910.JPEG,random same-class,0,0
train/n02102040/n02102040_7944.JPEG,val/n02102040/ILSVRC2012_val_00008162.JPEG,random same-class,10,11
train/n02102040/n02102040_795.JPEG,val/n02102040/n02102040_610.JPEG,random same-class,0,4
train/n02102040/n02102040_806.JPEG,val/n02102040/n02102040_671.JPEG,random same-class,5,0
train/n02102040/n02102040_806.JPEG,val/n02102040/n02102040_7501.JPEG,random same-class,0,0
train/n02102040/n02102040_8103.JPEG,val/n02102040/n02102040_6391.JPEG,random same-class,0,4
train/n02102040/n02102040_8126.JPEG,val/n02102040/n02102040_4392.JPEG,random same-class,5,5
train/n02102040/n02102040_8208.JPEG,val/n02102040/n02102040_7412.JPEG,random same-class,4,4
train/n02102040/n02102040_8247.JPEG,val/n02102040/n02102040_4350.JPEG,random same-class,4,5
train/n02102040/n02102040_8247.JPEG,val/n02102040/n02102040_4411.JPEG,random same-class,5,5
train/n02102040/n02102040_828.JPEG,val/n02102040/n02102040_2481.JPEG,random same-class,5,5
train/n02102040/n02102040_83.JPEG,val/n02102040/n02102040_1770.JPEG,random same-class,0,0
train/n02102040/n02102040_876.JPEG,val/n02102040/n02102040_7792.JPEG,random same-class,4,4
train/n02102040/n02102040_883.JPEG,val/n02102040/n02102040_6800.JPEG,random same-class,5,5
train/n02102040/n02102040_903.JPEG,val/n02102040/n02102040_2321.JPEG,random same-class,5,5
train/n02102040/n02102040_918.JPEG,val/n02102040/n02102040_551.JPEG,random same-class,0,0
train/n02102040/n02102040_939.JPEG,val/n02102040/n02102040_2652.JPEG,random same-class,4,4
train/n02102040/n02102040_953.JPEG,val/n02102040/n02102040_3472.JPEG,random same-class,8,7
train/n02102040/n02102040_988.JPEG,val/n02102040/n02102040_1151.JPEG,random same-class,13,9
train/n02102040/n02102040_99.JPEG,val/n02102040/n02102040_621.JPEG,random same-class,0,0
train/n02102040/n02102040_996.JPEG,val/n02102040/n02102040_6240.JPEG,random same-class,5,5
train/n02979186/ILSVRC2012_val_00000557.JPEG,val/n02979186/n02979186_14271.JPEG,random same-class,6,7
train/n02979186/ILSVRC2012_val_00042648.JPEG,val/n02979186/n02979186_15940.JPEG,random same-class,4,4
train/n02979186/ILSVRC2012_val_00047974.JPEG,val/n02979186/n02979186_13902.JPEG,random same-class,16,16
train/n02979186/n02979186_10027.JPEG,val/n02979186/n02979186_930.JPEG,random same-class,5,5
train/n02979186/n02979186_10036.JPEG,val/n02979186/n02979186_10271.JPEG,random same-class,0,0
train/n02979186/n02979186_10117.JPEG,val/n02979186/n02979186_4341.JPEG,random same-class,0,0
train/n02979186/n02979186_10387.JPEG,val/n02979186/n02979186_15432.JPEG,random same-class,0,0
train/n02979186/n02979186_1043.JPEG,val/n02979186/n02979186_27110.JPEG,random same-class,0,0
train/n02979186/n02979186_10546.JPEG,val/n02979186/n02979186_11881.JPEG,random same-class,8,8
train/n02979186/n02979186_10593.JPEG,val/n02979186/n02979186_1171.JPEG,random same-class,0,55
train/n02979186/n02979186_10666.JPEG,val/n02979186/n02979186_351.JPEG,random same-class,0,0
train/n02979186/n02979186_10666.JPEG,val/n02979186/n02979186_5781.JPEG,random same-class,0,0
train/n02979186/n02979186_10756.JPEG,val/n02979186/n02979186_17312.JPEG,random same-class,0,0
train/n02979186/n02979186_10864.JPEG,val/n02979186/ILSVRC2012_val_00035482.JPEG,random same-class,10,10
train/n02979186/n02979186_10877.JPEG,val/n02979186/n02979186_17060.JPEG,random same-class,0,0
train/n02979186/n02979186_10895.JPEG,val/n02979186/n02979186_15940.JPEG,random same-class,6,6
train/n02979186/n02979186_10933.JPEG,val/n02979186/n02979186_140.JPEG,random same-class,0,0
train/n02979186/n02979186_10993.JPEG,val/n02979186/n02979186_351.JPEG,random same-class,0,0
train/n02979186/n02979186_11016.JPEG,val/n02979186/n02979186_12072.JPEG,random same-class,5,5
train/n02979186/n02979186_11105.JPEG,val/n02979186/n02979186_351.JPEG,random same-class,0,0
train/n02979186/n02979186_11156.JPEG,val/n02979186/n02979186_4690.JPEG,random same-class,6,5
train/n02979186/n02979186_11206.JPEG,val/n02979186/n02979186_1692.JPEG,random same-class,6,0
train/n02979186/n02979186_11383.JPEG,val/n02979186/n02979186_10870.JPEG,random same-class,18,18
train/n02979186/n02979186_11396.JPEG,val/n02979186/n02979186_26590.JPEG,random same-class,8,8
train/n02979186/n02979186_11539.JPEG,val/n02979186/n02979186_11052.JPEG,random same-class,6,7
train/n02979186/n02979186_11656.JPEG,val/n02979186/n02979186_2381.JPEG,random same-class,4,4
train/n02979186/n02979186_11675.JPEG,val/n02979186/n02979186_15511.JPEG,random same-class,6,6
train/n02979186/n02979186_11699.JPEG,val/n02979186/n02979186_13902.JPEG,random same-class,0,0
train/n02979186/n02979186_11715.JPEG,val/n02979186/n02979186_17312.JPEG,random same-class,6,6
train/n02979186/n02979186_11884.JPEG,val/n02979186/ILSVRC2012_val_00042482.JPEG,random same-class,10,11
train/n02979186/n02979186_11897.JPEG,val/n02979186/n02979186_10691.JPEG,random same-class,0,0
train/n02979186/n02979186_11918.JPEG,val/n02979186/n02979186_4341.JPEG,random same-class,6,6
train/n02979186/n02979186_11936.JPEG,val/n02979186/n02979186_1692.JPEG,random same-class,5,6
train/n02979186/n02979186_11936.JPEG,val/n02979186/n02979186_22871.JPEG,random same-class,6,6
train/n02979186/n02979186_1198.JPEG,val/n02979186/n02979186_16101.JPEG,random same-class,15,15
train/n02979186/n02979186_12025.JPEG,val/n02979186/n02979186_27582.JPEG,random same-class,0,0
train/n02979186/n02979186_12025.JPEG,val/n02979186/n02979186_4720.JPEG,random same-class,0,0
train/n02979186/n02979186_1205.JPEG,val/n02979186/n02979186_3530.JPEG,random same-class,6,6
train/n02979186/n02979186_12236.JPEG,val/n02979186/n02979186_13722.JPEG,random same-class,6,6
train/n02979186/n02979186_12236.JPEG,val/n02979186/n02979186_15972.JPEG,random same-class,4,4
train/n02979186/n02979186_12236.JPEG,val/n02979186/n02979186_16142.JPEG,random same-class,7,7
train/n02979186/n02979186_12305.JPEG,val/n02979186/n02979186_5321.JPEG,random same-class,0,5
train/n02979186/n02979186_12319.JPEG,val/n02979186/n02979186_9470.JPEG,random same-class,7,7
train/n02979186/n02979186_12553.JPEG,val/n02979186/n02979186_18272.JPEG,random same-class,5,5
train/n02979186/n02979186_12846.JPEG,val/n02979186/n02979186_21941.JPEG,random same-class,12,12
train/n02979186/n02979186_13015.JPEG,val/n02979186/n02979186_13722.JPEG,random same-class,0,0
train/n02979186/n02979186_13019.JPEG,val/n02979186/n02979186_13280.JPEG,random same-class,6,5
train/n02979186/n02979186_13096.JPEG,val/n02979186/n02979186_2350.JPEG,random same-class,7,7
train/n02979186/n02979186_13147.JPEG,val/n02979186/n02979186_1810.JPEG,random same-class,6,6
train/n02979186/n02979186_13206.JPEG,val/n02979186/n02979186_15972.JPEG,random same-class,4,4
train/n02979186/n02979186_13265.JPEG,val/n02979186/n02979186_6992.JPEG,random same-class,10,10
train/n02979186/n02979186_13377.JPEG,val/n02979186/n02979186_18940.JPEG,random same-class,0,0
train/n02979186/n02979186_13415.JPEG,val/n02979186/n02979186_15901.JPEG,random same-class,5,5
train/n02979186/n02979186_13427.JPEG,val/n02979186/n02979186_11790.JPEG,random same-class,5,5
train/n02979186/n02979186_13443.JPEG,val/n02979186/n02979186_10532.JPEG,random same-class,4,4
train/n02979186/n02979186_13444.JPEG,val/n02979186/n02979186_162.JPEG,random same-class,0,0
train/n02979186/n02979186_1397.JPEG,val/n02979186/n02979186_3620.JPEG,random same-class,7,7
train/n02979186/n02979186_1408.JPEG,val/n02979186/n02979186_14771.JPEG,random same-class,0,0
train/n02979186/n02979186_14136.JPEG,val/n02979186/n02979186_22992.JPEG,random same-class,6,6
train/n02979186/n02979186_14137.JPEG,val/n02979186/n02979186_22761.JPEG,random same-class,30,30
train/n02979186/n02979186_1435.JPEG,val/n02979186/ILSVRC2012_val_00035482.JPEG,random same-class,0,0
train/n02979186/n02979186_14464.JPEG,val/n02979186/n02979186_12260.JPEG,random same-class,0,0
train/n02979186/n02979186_14524.JPEG,val/n02979186/n02979186_20631.JPEG,random same-class,16,16
train/n02979186/n02979186_14688.JPEG,val/n02979186/n02979186_10111.JPEG,random same-class,4,4
train/n02979186/n02979186_14916.JPEG,val/n02979186/n02979186_8211.JPEG,random same-class,6,9
train/n02979186/n02979186_14964.JPEG,val/n02979186/n02979186_5481.JPEG,random same-class,0,0
train/n02979186/n02979186_14999.JPEG,val/n02979186/n02979186_1200.JPEG,random same-class,0,0
train/n02979186/n02979186_1519.JPEG,val/n02979186/ILSVRC2012_val_00028911.JPEG,random same-class,0,0
train/n02979186/n02979186_1519.JPEG,val/n02979186/n02979186_9112.JPEG,random same-class,4,4
train/n02979186/n02979186_15226.JPEG,val/n02979186/n02979186_13572.JPEG,random same-class,6,4
train/n02979186/n02979186_15278.JPEG,val/n02979186/n02979186_14100.JPEG,random same-class,5,5
train/n02979186/n02979186_15424.JPEG,val/n02979186/n02979186_11550.JPEG,random same-class,7,7
train/n02979186/n02979186_15747.JPEG,val/n02979186/n02979186_26451.JPEG,random same-class,7,7
train/n02979186/n02979186_15777.JPEG,val/n02979186/n02979186_12260.JPEG,random same-class,4,4
train/n02979186/n02979186_15824.JPEG,val/n02979186/n02979186_9011.JPEG,random same-class,4,4
train/n02979186/n02979186_15876.JPEG,val/n02979186/n02979186_1870.JPEG,random same-class,11,11
train/n02979186/n02979186_16077.JPEG,val/n02979186/n02979186_3321.JPEG,random same-class,0,5
train/n02979186/n02979186_16227.JPEG,val/n02979186/n02979186_13442.JPEG,random same-class,36,36
train/n02979186/n02979186_16227.JPEG,val/n02979186/n02979186_26451.JPEG,random same-class,19,19
train/n02979186/n02979186_16584.JPEG,val/n02979186/n02979186_491.JPEG,random same-class,15,15
train/n02979186/n02979186_16835.JPEG,val/n02979186/n02979186_5321.JPEG,random same-class,0,0
train/n02979186/n02979186_16836.JPEG,val/n02979186/n02979186_26822.JPEG,random same-class,0,8
train/n02979186/n02979186_16933.JPEG,val/n02979186/n02979186_7362.JPEG,random same-class,13,13
train/n02979186/n02979186_16967.JPEG,val/n02979186/n02979186_5392.JPEG,random same-class,7,7
train/n02979186/n02979186_17356.JPEG,val/n02979186/n02979186_26822.JPEG,random same-class,0,0
train/n02979186/n02979186_1823.JPEG,val/n02979186/n02979186_10341.JPEG,random same-class,4,4
train/n02979186/n02979186_18289.JPEG,val/n02979186/n02979186_9131.JPEG,random same-class,0,0
train/n02979186/n02979186_18328.JPEG,val/n02979186/n02979186_11550.JPEG,random same-class,0,0
train/n02979186/n02979186_18456.JPEG,val/n02979186/n02979186_5460.JPEG,random same-class,8,8
train/n02979186/n02979186_18994.JPEG,val/n02979186/n02979186_13061.JPEG,random same-class,0,0
train/n02979186/n02979186_19036.JPEG,val/n02979186/n02979186_3182.JPEG,random same-class,0,0
train/n02979186/n02979186_19208.JPEG,val/n02979186/n02979186_960.JPEG,random same-class,8,8
train/n02979186/n02979186_19333.JPEG,val/n02979186/n02979186_22101.JPEG,random same-class,7,7
train/n02979186/n02979186_19604.JPEG,val/n02979186/n02979186_20220.JPEG,random same-class,6,6
train/n02979186/n02979186_19709.JPEG,val/n02979186/n02979186_15901.JPEG,random same-class,0,0
train/n02979186/n02979186_20108.JPEG,val/n02979186/n02979186_13661.JPEG,random same-class,12,12
train/n02979186/n02979186_2029.JPEG,val/n02979186/n02979186_10271.JPEG,random same-class,0,0
train/n02979186/n02979186_2029.JPEG,val/n02979186/n02979186_4001.JPEG,random same-class,0,0
train/n02979186/n02979186_20297.JPEG,val/n02979186/n02979186_4780.JPEG,random same-class,7,7
train/n02979186/n02979186_20416.JPEG,val/n02979186/n02979186_12101.JPEG,random same-class,0,0
train/n02979186/n02979186_20416.JPEG,val/n02979186/n02979186_22681.JPEG,random same-class,0,0
train/n02979186/n02979186_2077.JPEG,val/n02979186/n02979186_6181.JPEG,random same-class,0,0
train/n02979186/n02979186_2093.JPEG,val/n02979186/n02979186_2842.JPEG,random same-class,0,0
train/n02979186/n02979186_21154.JPEG,val/n02979186/n02979186_4690.JPEG,random same-class,0,0
train/n02979186/n02979186_21236.JPEG,val/n02979186/n02979186_17312.JPEG,random same-class,0,0
train/n02979186/n02979186_213.JPEG,val/n02979186/n02979186_11052.JPEG,random same-class,5,5
train/n02979186/n02979186_21736.JPEG,val/n02979186/n02979186_7712.JPEG,random same-class,0,0
train/n02979186/n02979186_21779.JPEG,val/n02979186/n02979186_10670.JPEG,random same-class,0,0
train/n02979186/n02979186_21863.JPEG,val/n02979186/n02979186_351.JPEG,random same-class,0,4
train/n02979186/n02979186_21903.JPEG,val/n02979186/n02979186_15432.JPEG,random same-class,7,7
train/n02979186/n02979186_21903.JPEG,val/n02979186/n02979186_26802.JPEG,random same-class,6,6
train/n02979186/n02979186_21915.JPEG,val/n02979186/n02979186_21392.JPEG,random same-class,0,0
train/n02979186/n02979186_22165.JPEG,val/n02979186/n02979186_6851.JPEG,random same-class,0,0
train/n02979186/n02979186_2226.JPEG,val/n02979186/n02979186_23440.JPEG,random same-class,0,0
train/n02979186/n02979186_22969.JPEG,val/n02979186/n02979186_562.JPEG,random same-class,0,0
train/n02979186/n02979186_23188.JPEG,val/n02979186/n02979186_15401.JPEG,random same-class,0,0
train/n02979186/n02979186_23274.JPEG,val/n02979186/n02979186_10341.JPEG,random same-class,0,0
train/n02979186/n02979186_23274.JPEG,val/n02979186/n02979186_1792.JPEG,random same-class,0,0
train/n02979186/n02979186_23309.JPEG,val/n02979186/n02979186_10230.JPEG,random same-class,0,15
train/n02979186/n02979186_23309.JPEG,val/n02979186/n02979186_21392.JPEG,random same-class,0,0
train/n02979186/n02979186_23516.JPEG,val/n02979186/n02979186_5841.JPEG,random same-class,5,5
train/n02979186/n02979186_23739.JPEG,val/n02979186/n02979186_15951.JPEG,random same-class,0,0
train/n02979186/n02979186_24015.JPEG,val/n02979186/n02979186_19582.JPEG,random same-class,0,0
train/n02979186/n02979186_24275.JPEG,val/n02979186/n02979186_11.JPEG,random same-class,0,0
train/n02979186/n02979186_24275.JPEG,val/n02979186/n02979186_3321.JPEG,random same-class,5,5
train/n02979186/n02979186_24829.JPEG,val/n02979186/n02979186_11000.JPEG,random same-class,5,6
train/n02979186/n02979186_24829.JPEG,val/n02979186/n02979186_9740.JPEG,random same-class,0,5
train/n02979186/n02979186_25427.JPEG,val/n02979186/n02979186_12122.JPEG,random same-class,0,0
train/n02979186/n02979186_25427.JPEG,val/n02979186/n02979186_2552.JPEG,random same-class,0,0
train/n02979186/n02979186_2549.JPEG,val/n02979186/n02979186_6012.JPEG,random same-class,0,0
train/n02979186/n02979186_25956.JPEG,val/n02979186/n02979186_9910.JPEG,random same-class,5,5
train/n02979186/n02979186_25977.JPEG,val/n02979186/n02979186_2772.JPEG,random same-class,0,0
train/n02979186/n02979186_26014.JPEG,val/n02979186/n02979186_25141.JPEG,random same-class,8,8
train/n02979186/n02979186_26067.JPEG,val/n02979186/n02979186_11.JPEG,random same-class,5,5
train/n02979186/n02979186_26217.JPEG,val/n02979186/n02979186_17470.JPEG,random same-class,6,6
train/n02979186/n02979186_26217.JPEG,val/n02979186/n02979186_18070.JPEG,random same-class,5,5
train/n02979186/n02979186_2625.JPEG,val/n02979186/n02979186_9651.JPEG,random same-class,0,0
train/n02979186/n02979186_26405.JPEG,val/n02979186/n02979186_9811.JPEG,random same-class,0,0
train/n02979186/n02979186_26755.JPEG,val/n02979186/n02979186_12072.JPEG,random same-class,0,0
train/n02979186/n02979186_27347.JPEG,val/n02979186/n02979186_23650.JPEG,random same-class,0,0
train/n02979186/n02979186_27597.JPEG,val/n02979186/n02979186_6390.JPEG,random same-class,0,0
train/n02979186/n02979186_27736.JPEG,val/n02979186/n02979186_23730.JPEG,random same-class,0,0
train/n02979186/n02979186_2839.JPEG,val/n02979186/n02979186_27322.JPEG,random same-class,6,6
train/n02979186/n02979186_3088.JPEG,val/n02979186/n02979186_9232.JPEG,random same-class,0,5
train/n02979186/n02979186_3104.JPEG,val/n02979186/n02979186_4720.JPEG,random same-class,0,0
train/n02979186/n02979186_3127.JPEG,val/n02979186/n02979186_13661.JPEG,random same-class,4,4
train/n02979186/n02979186_3175.JPEG,val/n02979186/n02979186_15862.JPEG,random same-class,0,0
train/n02979186/n02979186_3238.JPEG,val/n02979186/n02979186_562.JPEG,random same-class,0,0
train/n02979186/n02979186_3279.JPEG,val/n02979186/ILSVRC2012_val_00035160.JPEG,random same-class,9,9
train/n02979186/n02979186_3333.JPEG,val/n02979186/n02979186_6172.JPEG,random same-class,5,6
train/n02979186/n02979186_3349.JPEG,val/n02979186/n02979186_4281.JPEG,random same-class,0,0
train/n02979186/n02979186_336.JPEG,val/n02979186/n02979186_7492.JPEG,random same-class,0,0
train/n02979186/n02979186_3638.JPEG,val/n02979186/n02979186_7371.JPEG,random same-class,0,0
train/n02979186/n02979186_3725.JPEG,val/n02979186/n02979186_3462.JPEG,random same-class,6,7
train/n02979186/n02979186_3764.JPEG,val/n02979186/n02979186_19011.JPEG,random same-class,0,0
train/n02979186/n02979186_3994.JPEG,val/n02979186/n02979186_5932.JPEG,random same-class,13,15
train/n02979186/n02979186_4087.JPEG,val/n02979186/n02979186_19690.JPEG,random same-class,6,6
train/n02979186/n02979186_409.JPEG,val/n02979186/n02979186_5792.JPEG,random same-class,5,5
train/n02979186/n02979186_4284.JPEG,val/n02979186/n02979186_18272.JPEG,random same-class,0,0
train/n02979186/n02979186_4293.JPEG,val/n02979186/n02979186_2702.JPEG,random same-class,17,17
train/n02979186/n02979186_4447.JPEG,val/n02979186/n02979186_20560.JPEG,random same-class,4,4
train/n02979186/n02979186_4479.JPEG,val/n02979186/n02979186_3620.JPEG,random same-class,7,7
train/n02979186/n02979186_4613.JPEG,val/n02979186/n02979186_3102.JPEG,random same-class,0,0
train/n02979186/n02979186_4624.JPEG,val/n02979186/n02979186_9450.JPEG,random same-class,5,5
train/n02979186/n02979186_465.JPEG,val/n02979186/n02979186_7150.JPEG,random same-class,8,9
train/n02979186/n02979186_4935.JPEG,val/n02979186/n02979186_15432.JPEG,random same-class,0,0
train/n02979186/n02979186_5138.JPEG,val/n02979186/n02979186_13442.JPEG,random same-class,6,6
train/n02979186/n02979186_5163.JPEG,val/n02979186/n02979186_162.JPEG,random same-class,0,0
train/n02979186/n02979186_5163.JPEG,val/n02979186/n02979186_70.JPEG,random same-class,0,0
train/n02979186/n02979186_5337.JPEG,val/n02979186/n02979186_162.JPEG,random same-class,6,6
train/n02979186/n02979186_5396.JPEG,val/n02979186/n02979186_560.JPEG,random same-class,0,0
train/n02979186/n02979186_5495.JPEG,val/n02979186/n02979186_10211.JPEG,random same-class,5,5
train/n02979186/n02979186_5834.JPEG,val/n02979186/n02979186_13250.JPEG,random same-class,0,0
train/n02979186/n02979186_5856.JPEG,val/n02979186/n02979186_17460.JPEG,random same-class,13,13
train/n02979186/n02979186_587.JPEG,val/n02979186/n02979186_510.JPEG,random same-class,0,0
train/n02979186/n02979186_5944.JPEG,val/n02979186/n02979186_4830.JPEG,random same-class,0,0
train/n02979186/n02979186_5994.JPEG,val/n02979186/n02979186_1961.JPEG,random same-class,8,8
train/n02979186/n02979186_6176.JPEG,val/n02979186/ILSVRC2012_val_00020400.JPEG,random same-class,0,0
train/n02979186/n02979186_6203.JPEG,val/n02979186/n02979186_4830.JPEG,random same-class,5,5
train/n02979186/n02979186_6474.JPEG,val/n02979186/n02979186_6122.JPEG,random same-class,13,13
train/n02979186/n02979186_6478.JPEG,val/n02979186/n02979186_5781.JPEG,random same-class,0,0
train/n02979186/n02979186_6636.JPEG,val/n02979186/n02979186_20220.JPEG,random same-class,17,17
train/n02979186/n02979186_6995.JPEG,val/n02979186/n02979186_491.JPEG,random same-class,0,11
train/n02979186/n02979186_7.JPEG,val/n02979186/n02979186_11861.JPEG,random same-class,0,0
train/n02979186/n02979186_7288.JPEG,val/n02979186/n02979186_5781.JPEG,random same-class,10,10
train/n02979186/n02979186_73.JPEG,val/n02979186/n02979186_491.JPEG,random same-class,8,11
train/n02979186/n02979186_78.JPEG,val/n02979186/n02979186_731.JPEG,random same-class,0,0
train/n02979186/n02979186_8017.JPEG,val/n02979186/n02979186_13701.JPEG,random same-class,0,0
train/n02979186/n02979186_8227.JPEG,val/n02979186/n02979186_22882.JPEG,random same-class,5,0
train/n02979186/n02979186_8227.JPEG,val/n02979186/n02979186_2350.JPEG,random same-class,0,0
train/n02979186/n02979186_825.JPEG,val/n02979186/n02979186_5792.JPEG,random same-class,7,8
train/n02979186/n02979186_8409.JPEG,val/n02979186/n02979186_8861.JPEG,random same-class,8,8
train/n02979186/n02979186_844.JPEG,val/n02979186/n02979186_2312.JPEG,random same-class,0,0
train/n02979186/n02979186_8516.JPEG,val/n02979186/n02979186_1792.JPEG,random same-class,4,4
train/n02979186/n02979186_869.JPEG,val/n02979186/n02979186_20701.JPEG,random same-class,0,0
train/n02979186/n02979186_8956.JPEG,val/n02979186/n02979186_23730.JPEG,random same-class,0,0
train/n02979186/n02979186_9036.JPEG,val/n02979186/n02979186_20701.JPEG,random same-class,7,7
train/n02979186/n02979186_9076.JPEG,val/n02979186/n02979186_18572.JPEG,random same-class,9,9
train/n02979186/n02979186_9394.JPEG,val/n02979186/n02979186_15901.JPEG,random same-class,5,3
train/n02979186/n02979186_9643.JPEG,val/n02979186/n02979186_13231.JPEG,random same-class,5,5
train/n03000684/ILSVRC2012_val_00006043.JPEG,val/n03000684/n03000684_7400.JPEG,random same-class,6,6
train/n03000684/ILSVRC2012_val_00024269.JPEG,val/n03000684/n03000684_13510.JPEG,random same-class,8,8
train/n03000684/ILSVRC2012_val_00024269.JPEG,val/n03000684/n03000684_15621.JPEG,random same-class,17,17
train/n03000684/ILSVRC2012_val_00026573.JPEG,val/n03000684/n03000684_16632.JPEG,random same-class,9,0
train/n03000684/ILSVRC2012_val_00027785.JPEG,val/n03000684/n03000684_2421.JPEG,random same-class,0,0
train/n03000684/ILSVRC2012_val_00028196.JPEG,val/n03000684/n03000684_19792.JPEG,random same-class,4,4
train/n03000684/ILSVRC2012_val_00042035.JPEG,val/n03000684/n03000684_32351.JPEG,random same-class,5,5
train/n03000684/n03000684_10248.JPEG,val/n03000684/n03000684_16291.JPEG,random same-class,0,0
train/n03000684/n03000684_10518.JPEG,val/n03000684/n03000684_18881.JPEG,random same-class,0,0
train/n03000684/n03000684_10545.JPEG,val/n03000684/n03000684_12470.JPEG,random same-class,0,0
train/n03000684/n03000684_10545.JPEG,val/n03000684/n03000684_9741.JPEG,random same-class,6,6
train/n03000684/n03000684_10729.JPEG,val/n03000684/n03000684_16691.JPEG,random same-class,0,4
train/n03000684/n03000684_10835.JPEG,val/n03000684/n03000684_141.JPEG,random same-class,0,0
train/n03000684/n03000684_10936.JPEG,val/n03000684/n03000684_7312.JPEG,random same-class,0,0
train/n03000684/n03000684_11028.JPEG,val/n03000684/n03000684_1490.JPEG,random same-class,4,4
train/n03000684/n03000684_11028.JPEG,val/n03000684/n03000684_272.JPEG,random same-class,0,4
train/n03000684/n03000684_11028.JPEG,val/n03000684/n03000684_2812.JPEG,random same-class,0,0
train/n03000684/n03000684_11098.JPEG,val/n03000684/n03000684_35692.JPEG,random same-class,0,4
train/n03000684/n03000684_11119.JPEG,val/n03000684/n03000684_9452.JPEG,random same-class,0,0
train/n03000684/n03000684_11175.JPEG,val/n03000684/n03000684_2961.JPEG,random same-class,0,4
train/n03000684/n03000684_11175.JPEG,val/n03000684/n03000684_6341.JPEG,random same-class,0,5
train/n03000684/n03000684_1119.JPEG,val/n03000684/n03000684_9470.JPEG,random same-class,5,5
train/n03000684/n03000684_11228.JPEG,val/n03000684/n03000684_2820.JPEG,random same-class,0,0
train/n03000684/n03000684_11317.JPEG,val/n03000684/n03000684_6021.JPEG,random same-class,0,0
train/n03000684/n03000684_11348.JPEG,val/n03000684/n03000684_11441.JPEG,random same-class,0,0
train/n03000684/n03000684_11348.JPEG,val/n03000684/n03000684_7671.JPEG,random same-class,0,0
train/n03000684/n03000684_11584.JPEG,val/n03000684/ILSVRC2012_val_00011170.JPEG,random same-class,0,0
train/n03000684/n03000684_11584.JPEG,val/n03000684/n03000684_410.JPEG,random same-class,0,0
train/n03000684/n03000684_11744.JPEG,val/n03000684/n03000684_16372.JPEG,random same-class,5,5
train/n03000684/n03000684_12284.JPEG,val/n03000684/n03000684_5981.JPEG,random same-class,27,27
train/n03000684/n03000684_12486.JPEG,val/n03000684/n03000684_8580.JPEG,random same-class,0,0
train/n03000684/n03000684_13255.JPEG,val/n03000684/n03000684_16611.JPEG,random same-class,6,6
train/n03000684/n03000684_1348.JPEG,val/n03000684/n03000684_14391.JPEG,random same-class,8,7
train/n03000684/n03000684_13587.JPEG,val/n03000684/n03000684_10212.JPEG,random same-class,0,0
train/n03000684/n03000684_13587.JPEG,val/n03000684/n03000684_14650.JPEG,random same-class,0,0
train/n03000684/n03000684_13587.JPEG,val/n03000684/n03000684_9470.JPEG,random same-class,0,0
train/n03000684/n03000684_13615.JPEG,val/n03000684/n03000684_12051.JPEG,random same-class,0,0
train/n03000684/n03000684_13615.JPEG,val/n03000684/n03000684_13541.JPEG,random same-class,0,0
train/n03000684/n03000684_13615.JPEG,val/n03000684/n03000684_3532.JPEG,random same-class,0,0
train/n03000684/n03000684_13629.JPEG,val/n03000684/n03000684_7012.JPEG,random same-class,0,4
train/n03000684/n03000684_13719.JPEG,val/n03000684/n03000684_16611.JPEG,random same-class,16,16
train/n03000684/n03000684_13727.JPEG,val/n03000684/n03000684_34440.JPEG,random same-class,0,14
train/n03000684/n03000684_13849.JPEG,val/n03000684/n03000684_17330.JPEG,random same-class,0,0
train/n03000684/n03000684_13945.JPEG,val/n03000684/n03000684_180.JPEG,random same-class,5,5
train/n03000684/n03000684_14083.JPEG,val/n03000684/n03000684_15950.JPEG,random same-class,0,0
train/n03000684/n03000684_14234.JPEG,val/n03000684/n03000684_6020.JPEG,random same-class,5,5
train/n03000684/n03000684_14378.JPEG,val/n03000684/n03000684_35140.JPEG,random same-class,4,4
train/n03000684/n03000684_14576.JPEG,val/n03000684/n03000684_19272.JPEG,random same-class,0,4
train/n03000684/n03000684_15194.JPEG,val/n03000684/n03000684_9311.JPEG,random same-class,0,0
train/n03000684/n03000684_15283.JPEG,val/n03000684/n03000684_1300.JPEG,random same-class,0,0
train/n03000684/n03000684_15319.JPEG,val/n03000684/n03000684_11070.JPEG,random same-class,0,0
train/n03000684/n03000684_15329.JPEG,val/n03000684/n03000684_8140.JPEG,random same-class,0,0
train/n03000684/n03000684_15354.JPEG,val/n03000684/n03000684_18521.JPEG,random same-class,7,8
train/n03000684/n03000684_15354.JPEG,val/n03000684/n03000684_8560.JPEG,random same-class,4,5
train/n03000684/n03000684_15363.JPEG,val/n03000684/ILSVRC2012_val_00045501.JPEG,random same-class,4,6
train/n03000684/n03000684_15363.JPEG,val/n03000684/n03000684_5041.JPEG,random same-class,5,5
train/n03000684/n03000684_1557.JPEG,val/n03000684/n03000684_10960.JPEG,random same-class,4,5
train/n03000684/n03000684_15608.JPEG,val/n03000684/n03000684_6552.JPEG,random same-class,5,8
train/n03000684/n03000684_15763.JPEG,val/n03000684/n03000684_1100.JPEG,random same-class,0,0
train/n03000684/n03000684_15843.JPEG,val/n03000684/ILSVRC2012_val_00004262.JPEG,random same-class,5,5
train/n03000684/n03000684_15858.JPEG,val/n03000684/n03000684_14351.JPEG,random same-class,0,0
train/n03000684/n03000684_15874.JPEG,val/n03000684/n03000684_12670.JPEG,random same-class,5,6
train/n03000684/n03000684_15874.JPEG,val/n03000684/n03000684_6020.JPEG,random same-class,0,0
train/n03000684/n03000684_15977.JPEG,val/n03000684/n03000684_672.JPEG,random same-class,5,5
train/n03000684/n03000684_16026.JPEG,val/n03000684/n03000684_9752.JPEG,random same-class,0,0
train/n03000684/n03000684_16066.JPEG,val/n03000684/n03000684_7460.JPEG,random same-class,0,0
train/n03000684/n03000684_16095.JPEG,val/n03000684/n03000684_19382.JPEG,random same-class,0,0
train/n03000684/n03000684_16096.JPEG,val/n03000684/n03000684_18881.JPEG,random same-class,0,0
train/n03000684/n03000684_16289.JPEG,val/n03000684/n03000684_20052.JPEG,random same-class,6,6
train/n03000684/n03000684_16306.JPEG,val/n03000684/n03000684_7790.JPEG,random same-class,0,0
train/n03000684/n03000684_16379.JPEG,val/n03000684/n03000684_12642.JPEG,random same-class,5,8
train/n03000684/n03000684_16379.JPEG,val/n03000684/n03000684_7400.JPEG,random same-class,4,5
train/n03000684/n03000684_1639.JPEG,val/n03000684/n03000684_12670.JPEG,random same-class,0,0
train/n03000684/n03000684_16406.JPEG,val/n03000684/n03000684_8651.JPEG,random same-class,0,0
train/n03000684/n03000684_16537.JPEG,val/n03000684/n03000684_9440.JPEG,random same-class,4,5
train/n03000684/n03000684_16644.JPEG,val/n03000684/n03000684_17330.JPEG,random same-class,5,7
train/n03000684/n03000684_16683.JPEG,val/n03000684/n03000684_25302.JPEG,random same-class,4,4
train/n03000684/n03000684_16728.JPEG,val/n03000684/ILSVRC2012_val_00029211.JPEG,random same-class,12,12
train/n03000684/n03000684_16728.JPEG,val/n03000684/n03000684_6710.JPEG,random same-class,4,4
train/n03000684/n03000684_16757.JPEG,val/n03000684/n03000684_15582.JPEG,random same-class,4,5
train/n03000684/n03000684_16817.JPEG,val/n03000684/n03000684_1821.JPEG,random same-class,0,0
train/n03000684/n03000684_16884.JPEG,val/n03000684/n03000684_2421.JPEG,random same-class,0,0
train/n03000684/n03000684_16894.JPEG,val/n03000684/n03000684_6220.JPEG,random same-class,11,11
train/n03000684/n03000684_16918.JPEG,val/n03000684/n03000684_1082.JPEG,random same-class,8,9
train/n03000684/n03000684_17269.JPEG,val/n03000684/n03000684_4210.JPEG,random same-class,0,0
train/n03000684/n03000684_17269.JPEG,val/n03000684/n03000684_590.JPEG,random same-class,0,0
train/n03000684/n03000684_17309.JPEG,val/n03000684/n03000684_6160.JPEG,random same-class,7,11
train/n03000684/n03000684_17416.JPEG,val/n03000684/n03000684_19650.JPEG,random same-class,0,0
train/n03000684/n03000684_17483.JPEG,val/n03000684/n03000684_17162.JPEG,random same-class,0,0
train/n03000684/n03000684_17483.JPEG,val/n03000684/n03000684_25951.JPEG,random same-class,0,0
train/n03000684/n03000684_17778.JPEG,val/n03000684/n03000684_16072.JPEG,random same-class,5,4
train/n03000684/n03000684_17989.JPEG,val/n03000684/n03000684_16431.JPEG,random same-class,5,6
train/n03000684/n03000684_18335.JPEG,val/n03000684/n03000684_5641.JPEG,random same-class,0,0
train/n03000684/n03000684_18475.JPEG,val/n03000684/n03000684_3780.JPEG,random same-class,0,0
train/n03000684/n03000684_18529.JPEG,val/n03000684/n03000684_11552.JPEG,random same-class,0,0
train/n03000684/n03000684_18529.JPEG,val/n03000684/n03000684_19382.JPEG,random same-class,0,0
train/n03000684/n03000684_18529.JPEG,val/n03000684/n03000684_8522.JPEG,random same-class,0,0
train/n03000684/n03000684_19198.JPEG,val/n03000684/n03000684_19792.JPEG,random same-class,10,10
train/n03000684/n03000684_19289.JPEG,val/n03000684/n03000684_10200.JPEG,random same-class,6,6
train/n03000684/n03000684_19753.JPEG,val/n03000684/n03000684_18242.JPEG,random same-class,8,8
train/n03000684/n03000684_20114.JPEG,val/n03000684/n03000684_18881.JPEG,random same-class,7,7
train/n03000684/n03000684_2023.JPEG,val/n03000684/n03000684_30092.JPEG,random same-class,5,4
train/n03000684/n03000684_2055.JPEG,val/n03000684/n03000684_34011.JPEG,random same-class,5,6
train/n03000684/n03000684_2074.JPEG,val/n03000684/n03000684_16431.JPEG,random same-class,0,0
train/n03000684/n03000684_21023.JPEG,val/n03000684/n03000684_14112.JPEG,random same-class,5,5
train/n03000684/n03000684_21023.JPEG,val/n03000684/n03000684_19792.JPEG,random same-class,5,5
train/n03000684/n03000684_21935.JPEG,val/n03000684/n03000684_900.JPEG,random same-class,0,0
train/n03000684/n03000684_2203.JPEG,val/n03000684/n03000684_14502.JPEG,random same-class,0,0
train/n03000684/n03000684_2219.JPEG,val/n03000684/n03000684_10860.JPEG,random same-class,4,0
train/n03000684/n03000684_22269.JPEG,val/n03000684/n03000684_1040.JPEG,random same-class,4,4
train/n03000684/n03000684_2233.JPEG,val/n03000684/n03000684_1960.JPEG,random same-class,5,5
train/n03000684/n03000684_22425.JPEG,val/n03000684/n03000684_2820.JPEG,random same-class,5,0
train/n03000684/n03000684_22434.JPEG,val/n03000684/n03000684_1122.JPEG,random same-class,0,0
train/n03000684/n03000684_2255.JPEG,val/n03000684/n03000684_17200.JPEG,random same-class,4,4
train/n03000684/n03000684_229.JPEG,val/n03000684/n03000684_16991.JPEG,random same-class,0,0
train/n03000684/n03000684_229.JPEG,val/n03000684/n03000684_17431.JPEG,random same-class,7,7
train/n03000684/n03000684_2297.JPEG,val/n03000684/n03000684_18880.JPEG,random same-class,8,10
train/n03000684/n03000684_2346.JPEG,val/n03000684/n03000684_6881.JPEG,random same-class,0,0
train/n03000684/n03000684_23717.JPEG,val/n03000684/n03000684_19862.JPEG,random same-class,4,4
train/n03000684/n03000684_24403.JPEG,val/n03000684/n03000684_13920.JPEG,random same-class,5,5
train/n03000684/n03000684_2494.JPEG,val/n03000684/n03000684_27361.JPEG,random same-class,0,0
train/n03000684/n03000684_25115.JPEG,val/n03000684/n03000684_11180.JPEG,random same-class,0,0
train/n03000684/n03000684_25115.JPEG,val/n03000684/n03000684_15621.JPEG,random same-class,0,0
train/n03000684/n03000684_25406.JPEG,val/n03000684/n03000684_7360.JPEG,random same-class,5,5
train/n03000684/n03000684_26174.JPEG,val/n03000684/n03000684_14650.JPEG,random same-class,8,7
train/n03000684/n03000684_2674.JPEG,val/n03000684/n03000684_9752.JPEG,random same-class,11,9
train/n03000684/n03000684_26833.JPEG,val/n03000684/n03000684_3361.JPEG,random same-class,4,5
train/n03000684/n03000684_26865.JPEG,val/n03000684/n03000684_441.JPEG,random same-class,13,11
train/n03000684/n03000684_27164.JPEG,val/n03000684/n03000684_17261.JPEG,random same-class,0,0
train/n03000684/n03000684_27224.JPEG,val/n03000684/n03000684_20650.JPEG,random same-class,5,5
train/n03000684/n03000684_27613.JPEG,val/n03000684/n03000684_4081.JPEG,random same-class,4,4
train/n03000684/n03000684_27776.JPEG,val/n03000684/n03000684_4310.JPEG,random same-class,5,5
train/n03000684/n03000684_27786.JPEG,val/n03000684/n03000684_3361.JPEG,random same-class,0,0
train/n03000684/n03000684_28166.JPEG,val/n03000684/n03000684_28711.JPEG,random same-class,4,4
train/n03000684/n03000684_2828.JPEG,val/n03000684/n03000684_1000.JPEG,random same-class,24,34
train/n03000684/n03000684_28607.JPEG,val/n03000684/n03000684_501.JPEG,random same-class,0,0
train/n03000684/n03000684_28666.JPEG,val/n03000684/n03000684_11672.JPEG,random same-class,0,0
train/n03000684/n03000684_2916.JPEG,val/n03000684/n03000684_15932.JPEG,random same-class,0,0
train/n03000684/n03000684_3028.JPEG,val/n03000684/n03000684_82.JPEG,random same-class,5,4
train/n03000684/n03000684_3114.JPEG,val/n03000684/n03000684_31181.JPEG,random same-class,6,5
train/n03000684/n03000684_3157.JPEG,val/n03000684/n03000684_851.JPEG,random same-class,0,0
train/n03000684/n03000684_31833.JPEG,val/n03000684/n03000684_8241.JPEG,random same-class,5,5
train/n03000684/n03000684_32276.JPEG,val/n03000684/n03000684_13541.JPEG,random same-class,0,12
train/n03000684/n03000684_32408.JPEG,val/n03000684/n03000684_11552.JPEG,random same-class,0,0
train/n03000684/n03000684_3276.JPEG,val/n03000684/n03000684_22892.JPEG,random same-class,0,4
train/n03000684/n03000684_33188.JPEG,val/n03000684/n03000684_13982.JPEG,random same-class,4,5
train/n03000684/n03000684_33898.JPEG,val/n03000684/n03000684_20052.JPEG,random same-class,35,27
train/n03000684/n03000684_35465.JPEG,val/n03000684/n03000684_19720.JPEG,random same-class,6,6
train/n03000684/n03000684_35884.JPEG,val/n03000684/n03000684_9741.JPEG,random same-class,4,4
train/n03000684/n03000684_36109.JPEG,val/n03000684/n03000684_10960.JPEG,random same-class,4,4
train/n03000684/n03000684_36473.JPEG,val/n03000684/n03000684_30930.JPEG,random same-class,0,0
train/n03000684/n03000684_4249.JPEG,val/n03000684/n03000684_16280.JPEG,random same-class,4,4
train/n03000684/n03000684_4526.JPEG,val/n03000684/n03000684_16991.JPEG,random same-class,0,0
train/n03000684/n03000684_4526.JPEG,val/n03000684/n03000684_6020.JPEG,random same-class,0,0
train/n03000684/n03000684_4545.JPEG,val/n03000684/n03000684_13560.JPEG,random same-class,0,0
train/n03000684/n03000684_4586.JPEG,val/n03000684/n03000684_6881.JPEG,random same-class,0,0
train/n03000684/n03000684_473.JPEG,val/n03000684/n03000684_18590.JPEG,random same-class,10,10
train/n03000684/n03000684_4746.JPEG,val/n03000684/n03000684_12570.JPEG,random same-class,7,7
train/n03000684/n03000684_4778.JPEG,val/n03000684/n03000684_20052.JPEG,random same-class,0,0
train/n03000684/n03000684_4857.JPEG,val/n03000684/n03000684_18591.JPEG,random same-class,16,16
train/n03000684/n03000684_5106.JPEG,val/n03000684/n03000684_1011.JPEG,random same-class,0,4
train/n03000684/n03000684_515.JPEG,val/n03000684/n03000684_882.JPEG,random same-class,0,0
train/n03000684/n03000684_5176.JPEG,val/n03000684/n03000684_292.JPEG,random same-class,5,7
train/n03000684/n03000684_5374.JPEG,val/n03000684/n03000684_14351.JPEG,random same-class,0,0
train/n03000684/n03000684_5469.JPEG,val/n03000684/n03000684_2402.JPEG,random same-class,0,0
train/n03000684/n03000684_5518.JPEG,val/n03000684/n03000684_17811.JPEG,random same-class,6,6
train/n03000684/n03000684_5543.JPEG,val/n03000684/n03000684_10302.JPEG,random same-class,6,8
train/n03000684/n03000684_565.JPEG,val/n03000684/n03000684_82.JPEG,random same-class,0,0
train/n03000684/n03000684_5775.JPEG,val/n03000684/n03000684_10132.JPEG,random same-class,5,5
train/n03000684/n03000684_5969.JPEG,val/n03000684/ILSVRC2012_val_00011170.JPEG,random same-class,0,0
train/n03000684/n03000684_6183.JPEG,val/n03000684/n03000684_7152.JPEG,random same-class,9,9
train/n03000684/n03000684_6217.JPEG,val/n03000684/n03000684_29900.JPEG,random same-class,0,0
train/n03000684/n03000684_6279.JPEG,val/n03000684/n03000684_31112.JPEG,random same-class,0,0
train/n03000684/n03000684_634.JPEG,val/n03000684/n03000684_34011.JPEG,random same-class,4,4
train/n03000684/n03000684_6386.JPEG,val/n03000684/n03000684_4401.JPEG,random same-class,0,0
train/n03000684/n03000684_646.JPEG,val/n03000684/n03000684_30092.JPEG,random same-class,4,4
train/n03000684/n03000684_6516.JPEG,val/n03000684/n03000684_17862.JPEG,random same-class,0,0
train/n03000684/n03000684_653.JPEG,val/n03000684/n03000684_35692.JPEG,random same-class,0,0
train/n03000684/n03000684_6545.JPEG,val/n03000684/n03000684_2541.JPEG,random same-class,0,0
train/n03000684/n03000684_6606.JPEG,val/n03000684/n03000684_24020.JPEG,random same-class,0,0
train/n03000684/n03000684_6746.JPEG,val/n03000684/n03000684_7790.JPEG,random same-class,0,0
train/n03000684/n03000684_6748.JPEG,val/n03000684/n03000684_16611.JPEG,random same-class,10,10
train/n03000684/n03000684_6794.JPEG,val/n03000684/n03000684_6632.JPEG,random same-class,13,13
train/n03000684/n03000684_6819.JPEG,val/n03000684/n03000684_10131.JPEG,random same-class,6,6
train/n03000684/n03000684_6986.JPEG,val/n03000684/ILSVRC2012_val_00047060.JPEG,random same-class,0,0
train/n03000684/n03000684_7425.JPEG,val/n03000684/n03000684_19272.JPEG,random same-class,0,0
train/n03000684/n03000684_7457.JPEG,val/n03000684/n03000684_17862.JPEG,random same-class,5,5
train/n03000684/n03000684_7798.JPEG,val/n03000684/n03000684_16072.JPEG,random same-class,7,4
train/n03000684/n03000684_7876.JPEG,val/n03000684/n03000684_2980.JPEG,random same-class,5,6
train/n03000684/n03000684_7905.JPEG,val/n03000684/n03000684_13511.JPEG,random same-class,6,6
train/n03000684/n03000684_7905.JPEG,val/n03000684/n03000684_4210.JPEG,random same-class,6,7
train/n03000684/n03000684_793.JPEG,val/n03000684/n03000684_11701.JPEG,random same-class,0,4
train/n03000684/n03000684_8103.JPEG,val/n03000684/n03000684_15400.JPEG,random same-class,4,4
train/n03000684/n03000684_8368.JPEG,val/n03000684/ILSVRC2012_val_00025890.JPEG,random same-class,0,0
train/n03000684/n03000684_8533.JPEG,val/n03000684/n03000684_2402.JPEG,random same-class,5,5
train/n03000684/n03000684_8858.JPEG,val/n03000684/n03000684_16312.JPEG,random same-class,0,0
train/n03000684/n03000684_8864.JPEG,val/n03000684/n03000684_10302.JPEG,random same-class,8,8
train/n03000684/n03000684_917.JPEG,val/n03000684/n03000684_6220.JPEG,random same-class,11,11
train/n03000684/n03000684_918.JPEG,val/n03000684/n03000684_10960.JPEG,random same-class,0,0
train/n03000684/n03000684_929.JPEG,val/n03000684/n03000684_1692.JPEG,random same-class,5,5
train/n03000684/n03000684_9309.JPEG,val/n03000684/n03000684_900.JPEG,random same-class,0,0
train/n03000684/n03000684_9328.JPEG,val/n03000684/n03000684_22892.JPEG,random same-class,5,5
train/n03000684/n03000684_9388.JPEG,val/n03000684/n03000684_17132.JPEG,random same-class,0,0
train/n03000684/n03000684_9664.JPEG,val/n03000684/n03000684_7920.JPEG,random same-class,4,6
train/n03000684/n03000684_9803.JPEG,val/n03000684/n03000684_31982.JPEG,random same-class,10,10
train/n03000684/n03000684_9976.JPEG,val/n03000684/n03000684_16991.JPEG,random same-class,0,0
train/n03028079/ILSVRC2012_val_00016854.JPEG,val/n03028079/n03028079_21762.JPEG,random same-class,4,4
train/n03028079/ILSVRC2012_val_00017783.JPEG,val/n03028079/n03028079_5690.JPEG,random same-class,4,4
train/n03028079/ILSVRC2012_val_00027385.JPEG,val/n03028079/n03028079_14181.JPEG,random same-class,7,5
train/n03028079/ILSVRC2012_val_00033509.JPEG,val/n03028079/n03028079_14310.JPEG,random same-class,10,12
train/n03028079/ILSVRC2012_val_00036229.JPEG,val/n03028079/n03028079_29612.JPEG,random same-class,0,4
train/n03028079/ILSVRC2012_val_00039506.JPEG,val/n03028079/n03028079_46322.JPEG,random same-class,4,4
train/n03028079/n03028079_1005.JPEG,val/n03028079/n03028079_19002.JPEG,random same-class,6,6
train/n03028079/n03028079_10099.JPEG,val/n03028079/n03028079_24602.JPEG,random same-class,6,11
train/n03028079/n03028079_10103.JPEG,val/n03028079/n03028079_20012.JPEG,random same-class,10,10
train/n03028079/n03028079_10133.JPEG,val/n03028079/n03028079_6372.JPEG,random same-class,4,6
train/n03028079/n03028079_10139.JPEG,val/n03028079/n03028079_2470.JPEG,random same-class,5,5
train/n03028079/n03028079_10157.JPEG,val/n03028079/n03028079_20012.JPEG,random same-class,0,4
train/n03028079/n03028079_10199.JPEG,val/n03028079/n03028079_19501.JPEG,random same-class,0,0
train/n03028079/n03028079_10303.JPEG,val/n03028079/ILSVRC2012_val_00034021.JPEG,random same-class,5,4
train/n03028079/n03028079_10328.JPEG,val/n03028079/n03028079_10511.JPEG,random same-class,6,6
train/n03028079/n03028079_10328.JPEG,val/n03028079/n03028079_13002.JPEG,random same-class,6,6
train/n03028079/n03028079_10449.JPEG,val/n03028079/n03028079_40412.JPEG,random same-class,0,0
train/n03028079/n03028079_10494.JPEG,val/n03028079/ILSVRC2012_val_00026451.JPEG,random same-class,6,0
train/n03028079/n03028079_10494.JPEG,val/n03028079/n03028079_6971.JPEG,random same-class,0,0
train/n03028079/n03028079_10539.JPEG,val/n03028079/n03028079_6912.JPEG,random same-class,6,7
train/n03028079/n03028079_10579.JPEG,val/n03028079/n03028079_5402.JPEG,random same-class,0,0
train/n03028079/n03028079_10596.JPEG,val/n03028079/n03028079_12330.JPEG,random same-class,0,0
train/n03028079/n03028079_1076.JPEG,val/n03028079/n03028079_9481.JPEG,random same-class,0,0
train/n03028079/n03028079_11187.JPEG,val/n03028079/n03028079_8911.JPEG,random same-class,4,4
train/n03028079/n03028079_113025.JPEG,val/n03028079/n03028079_3000.JPEG,random same-class,5,5
train/n03028079/n03028079_11478.JPEG,val/n03028079/n03028079_31112.JPEG,random same-class,0,0
train/n03028079/n03028079_118756.JPEG,val/n03028079/n03028079_17280.JPEG,random same-class,4,4
train/n03028079/n03028079_118756.JPEG,val/n03028079/n03028079_7881.JPEG,random same-class,4,0
train/n03028079/n03028079_12054.JPEG,val/n03028079/n03028079_17690.JPEG,random same-class,6,10
train/n03028079/n03028079_12109.JPEG,val/n03028079/n03028079_34851.JPEG,random same-class,0,0
train/n03028079/n03028079_12109.JPEG,val/n03028079/n03028079_56741.JPEG,random same-class,0,0
train/n03028079/n03028079_12205.JPEG,val/n03028079/n03028079_22390.JPEG,random same-class,6,0
train/n03028079/n03028079_12205.JPEG,val/n03028079/n03028079_8611.JPEG,random same-class,7,7
train/n03028079/n03028079_12233.JPEG,val/n03028079/n03028079_9320.JPEG,random same-class,6,6
train/n03028079/n03028079_122509.JPEG,val/n03028079/n03028079_15961.JPEG,random same-class,0,0
train/n03028079/n03028079_12268.JPEG,val/n03028079/n03028079_15461.JPEG,random same-class,5,0
train/n03028079/n03028079_12389.JPEG,val/n03028079/ILSVRC2012_val_00010770.JPEG,random same-class,4,5
train/n03028079/n03028079_12426.JPEG,val/n03028079/n03028079_3600.JPEG,random same-class,0,0
train/n03028079/n03028079_1275.JPEG,val/n03028079/n03028079_14621.JPEG,random same-class,0,6
train/n03028079/n03028079_13938.JPEG,val/n03028079/n03028079_2321.JPEG,random same-class,6,6
train/n03028079/n03028079_13938.JPEG,val/n03028079/n03028079_62551.JPEG,random same-class,0,4
train/n03028079/n03028079_13938.JPEG,val/n03028079/n03028079_9112.JPEG,random same-class,5,6
train/n03028079/n03028079_14098.JPEG,val/n03028079/n03028079_22390.JPEG,random same-class,6,22
train/n03028079/n03028079_14278.JPEG,val/n03028079/n03028079_8720.JPEG,random same-class,10,10
train/n03028079/n03028079_14439.JPEG,val/n03028079/n03028079_12061.JPEG,random same-class,5,5
train/n03028079/n03028079_14454.JPEG,val/n03028079/n03028079_4022.JPEG,random same-class,0,0
train/n03028079/n03028079_14508.JPEG,val/n03028079/n03028079_6720.JPEG,random same-class,9,9
train/n03028079/n03028079_14604.JPEG,val/n03028079/n03028079_33241.JPEG,random same-class,6,6
train/n03028079/n03028079_14604.JPEG,val/n03028079/n03028079_6860.JPEG,random same-class,5,7
train/n03028079/n03028079_14639.JPEG,val/n03028079/n03028079_9500.JPEG,random same-class,0,0
train/n03028079/n03028079_14719.JPEG,val/n03028079/n03028079_40510.JPEG,random same-class,5,5
train/n03028079/n03028079_14719.JPEG,val/n03028079/n03028079_8151.JPEG,random same-class,5,0
train/n03028079/n03028079_14923.JPEG,val/n03028079/n03028079_10611.JPEG,random same-class,4,0
train/n03028079/n03028079_14957.JPEG,val/n03028079/n03028079_40120.JPEG,random same-class,1,6
train/n03028079/n03028079_15026.JPEG,val/n03028079/n03028079_3600.JPEG,random same-class,21,20
train/n03028079/n03028079_15098.JPEG,val/n03028079/n03028079_80352.JPEG,random same-class,0,0
train/n03028079/n03028079_15153.JPEG,val/n03028079/n03028079_29062.JPEG,random same-class,0,0
train/n03028079/n03028079_1544.JPEG,val/n03028079/n03028079_72272.JPEG,random same-class,5,13
train/n03028079/n03028079_15483.JPEG,val/n03028079/n03028079_16960.JPEG,random same-class,0,0
train/n03028079/n03028079_15678.JPEG,val/n03028079/n03028079_3700.JPEG,random same-class,0,0
train/n03028079/n03028079_15725.JPEG,val/n03028079/n03028079_9662.JPEG,random same-class,8,8
train/n03028079/n03028079_15909.JPEG,val/n03028079/n03028079_15370.JPEG,random same-class,4,8
train/n03028079/n03028079_16133.JPEG,val/n03028079/n03028079_11250.JPEG,random same-class,14,2
train/n03028079/n03028079_16194.JPEG,val/n03028079/n03028079_15240.JPEG,random same-class,6,6
train/n03028079/n03028079_1633.JPEG,val/n03028079/n03028079_7422.JPEG,random same-class,0,5
train/n03028079/n03028079_16477.JPEG,val/n03028079/n03028079_15930.JPEG,random same-class,0,0
train/n03028079/n03028079_16488.JPEG,val/n03028079/n03028079_26842.JPEG,random same-class,5,5
train/n03028079/n03028079_167.JPEG,val/n03028079/n03028079_26180.JPEG,random same-class,14,22
train/n03028079/n03028079_16739.JPEG,val/n03028079/n03028079_20012.JPEG,random same-class,6,6
train/n03028079/n03028079_17008.JPEG,val/n03028079/n03028079_17922.JPEG,random same-class,0,6
train/n03028079/n03028079_17008.JPEG,val/n03028079/n03028079_24681.JPEG,random same-class,0,4
train/n03028079/n03028079_17263.JPEG,val/n03028079/n03028079_6452.JPEG,random same-class,0,0
train/n03028079/n03028079_1738.JPEG,val/n03028079/n03028079_9500.JPEG,random same-class,7,7
train/n03028079/n03028079_176.JPEG,val/n03028079/n03028079_3432.JPEG,random same-class,4,4
train/n03028079/n03028079_17715.JPEG,val/n03028079/n03028079_7752.JPEG,random same-class,6,6
train/n03028079/n03028079_18103.JPEG,val/n03028079/n03028079_17831.JPEG,random same-class,10,10
train/n03028079/n03028079_18438.JPEG,val/n03028079/n03028079_33241.JPEG,random same-class,4,4
train/n03028079/n03028079_19206.JPEG,val/n03028079/n03028079_322.JPEG,random same-class,5,5
train/n03028079/n03028079_20069.JPEG,val/n03028079/n03028079_27902.JPEG,random same-class,5,5
train/n03028079/n03028079_2014.JPEG,val/n03028079/n03028079_4902.JPEG,random same-class,0,0
train/n03028079/n03028079_20186.JPEG,val/n03028079/n03028079_74100.JPEG,random same-class,0,0
train/n03028079/n03028079_20443.JPEG,val/n03028079/n03028079_49281.JPEG,random same-class,11,9
train/n03028079/n03028079_206.JPEG,val/n03028079/n03028079_8361.JPEG,random same-class,5,5
train/n03028079/n03028079_20957.JPEG,val/n03028079/n03028079_17831.JPEG,random same-class,8,8
train/n03028079/n03028079_21039.JPEG,val/n03028079/n03028079_26601.JPEG,random same-class,0,0
train/n03028079/n03028079_22073.JPEG,val/n03028079/n03028079_8720.JPEG,random same-class,0,0
train/n03028079/n03028079_22118.JPEG,val/n03028079/n03028079_4612.JPEG,random same-class,6,5
train/n03028079/n03028079_2239.JPEG,val/n03028079/n03028079_28521.JPEG,random same-class,5,5
train/n03028079/n03028079_237.JPEG,val/n03028079/n03028079_10230.JPEG,random same-class,8,8
train/n03028079/n03028079_23729.JPEG,val/n03028079/n03028079_9320.JPEG,random same-class,5,6
train/n03028079/n03028079_23916.JPEG,val/n03028079/n03028079_19501.JPEG,random same-class,0,6
train/n03028079/n03028079_2455.JPEG,val/n03028079/n03028079_4821.JPEG,random same-class,0,0
train/n03028079/n03028079_24595.JPEG,val/n03028079/n03028079_23510.JPEG,random same-class,8,13
train/n03028079/n03028079_25754.JPEG,val/n03028079/n03028079_20312.JPEG,random same-class,0,0
train/n03028079/n03028079_26205.JPEG,val/n03028079/n03028079_4612.JPEG,random same-class,11,9
train/n03028079/n03028079_26457.JPEG,val/n03028079/n03028079_8971.JPEG,random same-class,5,5
train/n03028079/n03028079_26579.JPEG,val/n03028079/n03028079_15381.JPEG,random same-class,0,0
train/n03028079/n03028079_26688.JPEG,val/n03028079/n03028079_5432.JPEG,random same-class,0,0
train/n03028079/n03028079_26859.JPEG,val/n03028079/n03028079_8720.JPEG,random same-class,0,0
train/n03028079/n03028079_26984.JPEG,val/n03028079/n03028079_13542.JPEG,random same-class,0,0
train/n03028079/n03028079_27.JPEG,val/n03028079/n03028079_8611.JPEG,random same-class,5,5
train/n03028079/n03028079_2718.JPEG,val/n03028079/n03028079_25712.JPEG,random same-class,0,0
train/n03028079/n03028079_27253.JPEG,val/n03028079/n03028079_5261.JPEG,random same-class,0,0
train/n03028079/n03028079_27507.JPEG,val/n03028079/ILSVRC2012_val_00016542.JPEG,random same-class,0,0
train/n03028079/n03028079_2756.JPEG,val/n03028079/n03028079_6251.JPEG,random same-class,0,0
train/n03028079/n03028079_27577.JPEG,val/n03028079/n03028079_26180.JPEG,random same-class,0,0
train/n03028079/n03028079_27613.JPEG,val/n03028079/n03028079_27662.JPEG,random same-class,4,4
train/n03028079/n03028079_28085.JPEG,val/n03028079/n03028079_3492.JPEG,random same-class,4,7
train/n03028079/n03028079_28635.JPEG,val/n03028079/n03028079_76700.JPEG,random same-class,0,4
train/n03028079/n03028079_28758.JPEG,val/n03028079/n03028079_15240.JPEG,random same-class,0,0
train/n03028079/n03028079_28896.JPEG,val/n03028079/n03028079_41342.JPEG,random same-class,4,0
train/n03028079/n03028079_2908.JPEG,val/n03028079/n03028079_10032.JPEG,random same-class,4,0
train/n03028079/n03028079_29247.JPEG,val/n03028079/n03028079_13331.JPEG,random same-class,5,5
train/n03028079/n03028079_29414.JPEG,val/n03028079/n03028079_3441.JPEG,random same-class,7,6
train/n03028079/n03028079_29416.JPEG,val/n03028079/n03028079_13580.JPEG,random same-class,5,5
train/n03028079/n03028079_29449.JPEG,val/n03028079/n03028079_9371.JPEG,random same-class,4,0
train/n03028079/n03028079_29556.JPEG,val/n03028079/n03028079_5260.JPEG,random same-class,38,32
train/n03028079/n03028079_29713.JPEG,val/n03028079/n03028079_31571.JPEG,random same-class,10,10
train/n03028079/n03028079_29793.JPEG,val/n03028079/n03028079_9580.JPEG,random same-class,5,5
train/n03028079/n03028079_3014.JPEG,val/n03028079/n03028079_2952.JPEG,random same-class,0,0
train/n03028079/n03028079_30207.JPEG,val/n03028079/n03028079_800.JPEG,random same-class,4,4
train/n03028079/n03028079_3049.JPEG,val/n03028079/n03028079_2382.JPEG,random same-class,10,9
train/n03028079/n03028079_30564.JPEG,val/n03028079/n03028079_6452.JPEG,random same-class,4,5
train/n03028079/n03028079_31228.JPEG,val/n03028079/n03028079_9901.JPEG,random same-class,4,7
train/n03028079/n03028079_3127.JPEG,val/n03028079/n03028079_8712.JPEG,random same-class,4,5
train/n03028079/n03028079_3159.JPEG,val/n03028079/n03028079_16820.JPEG,random same-class,5,7
train/n03028079/n03028079_31995.JPEG,val/n03028079/n03028079_29942.JPEG,random same-class,7,6
train/n03028079/n03028079_32056.JPEG,val/n03028079/n03028079_14621.JPEG,random same-class,4,0
train/n03028079/n03028079_32118.JPEG,val/n03028079/n03028079_10111.JPEG,random same-class,0,0
train/n03028079/n03028079_32378.JPEG,val/n03028079/n03028079_24471.JPEG,random same-class,6,6
train/n03028079/n03028079_34377.JPEG,val/n03028079/n03028079_15602.JPEG,random same-class,0,0
train/n03028079/n03028079_3446.JPEG,val/n03028079/n03028079_13580.JPEG,random same-class,6,6
train/n03028079/n03028079_3475.JPEG,val/n03028079/n03028079_8161.JPEG,random same-class,0,0
train/n03028079/n03028079_3549.JPEG,val/n03028079/n03028079_28302.JPEG,random same-class,6,6
train/n03028079/n03028079_3549.JPEG,val/n03028079/n03028079_9560.JPEG,random same-class,0,0
train/n03028079/n03028079_35828.JPEG,val/n03028079/n03028079_6110.JPEG,random same-class,0,0
train/n03028079/n03028079_36037.JPEG,val/n03028079/n03028079_9112.JPEG,random same-class,6,9
train/n03028079/n03028079_364.JPEG,val/n03028079/n03028079_20910.JPEG,random same-class,5,0
train/n03028079/n03028079_364.JPEG,val/n03028079/n03028079_8971.JPEG,random same-class,0,0
train/n03028079/n03028079_38969.JPEG,val/n03028079/ILSVRC2012_val_00004912.JPEG,random same-class,0,0
train/n03028079/n03028079_39.JPEG,val/n03028079/n03028079_8720.JPEG,random same-class,0,10
train/n03028079/n03028079_3905.JPEG,val/n03028079/n03028079_9682.JPEG,random same-class,5,5
train/n03028079/n03028079_3914.JPEG,val/n03028079/n03028079_9481.JPEG,random same-class,7,9
train/n03028079/n03028079_40458.JPEG,val/n03028079/n03028079_28521.JPEG,random same-class,8,8
train/n03028079/n03028079_40565.JPEG,val/n03028079/n03028079_24471.JPEG,random same-class,5,5
train/n03028079/n03028079_41087.JPEG,val/n03028079/n03028079_1870.JPEG,random same-class,5,5
train/n03028079/n03028079_41135.JPEG,val/n03028079/n03028079_9632.JPEG,random same-class,6,6
train/n03028079/n03028079_4219.JPEG,val/n03028079/n03028079_10230.JPEG,random same-class,0,0
train/n03028079/n03028079_42766.JPEG,val/n03028079/n03028079_15930.JPEG,random same-class,0,0
train/n03028079/n03028079_43123.JPEG,val/n03028079/n03028079_10452.JPEG,random same-class,4,4
train/n03028079/n03028079_4479.JPEG,val/n03028079/ILSVRC2012_val_00023291.JPEG,random same-class,0,0
train/n03028079/n03028079_46677.JPEG,val/n03028079/ILSVRC2012_val_00010770.JPEG,random same-class,0,0
train/n03028079/n03028079_4773.JPEG,val/n03028079/n03028079_4902.JPEG,random same-class,5,5
train/n03028079/n03028079_478.JPEG,val/n03028079/n03028079_16501.JPEG,random same-class,0,4
train/n03028079/n03028079_4795.JPEG,val/n03028079/n03028079_7882.JPEG,random same-class,0,0
train/n03028079/n03028079_50476.JPEG,val/n03028079/n03028079_26810.JPEG,random same-class,4,4
train/n03028079/n03028079_508.JPEG,val/n03028079/n03028079_73181.JPEG,random same-class,0,5
train/n03028079/n03028079_52698.JPEG,val/n03028079/n03028079_7251.JPEG,random same-class,5,5
train/n03028079/n03028079_53287.JPEG,val/n03028079/n03028079_38351.JPEG,random same-class,7,7
train/n03028079/n03028079_5424.JPEG,val/n03028079/n03028079_36092.JPEG,random same-class,5,5
train/n03028079/n03028079_5484.JPEG,val/n03028079/n03028079_13580.JPEG,random same-class,4,5
train/n03028079/n03028079_5545.JPEG,val/n03028079/n03028079_59261.JPEG,random same-class,0,0
train/n03028079/n03028079_55483.JPEG,val/n03028079/n03028079_29670.JPEG,random same-class,6,6
train/n03028079/n03028079_56526.JPEG,val/n03028079/n03028079_59261.JPEG,random same-class,4,4
train/n03028079/n03028079_5655.JPEG,val/n03028079/n03028079_14770.JPEG,random same-class,0,0
train/n03028079/n03028079_5676.JPEG,val/n03028079/n03028079_5690.JPEG,random same-class,6,6
train/n03028079/n03028079_573.JPEG,val/n03028079/n03028079_27980.JPEG,random same-class,0,0
train/n03028079/n03028079_5755.JPEG,val/n03028079/n03028079_17831.JPEG,random same-class,5,4
train/n03028079/n03028079_5829.JPEG,val/n03028079/n03028079_30642.JPEG,random same-class,0,0
train/n03028079/n03028079_59507.JPEG,val/n03028079/n03028079_16960.JPEG,random same-class,5,6
train/n03028079/n03028079_60013.JPEG,val/n03028079/n03028079_3540.JPEG,random same-class,0,0
train/n03028079/n03028079_6003.JPEG,val/n03028079/n03028079_5261.JPEG,random same-class,5,5
train/n03028079/n03028079_62544.JPEG,val/n03028079/n03028079_72360.JPEG,random same-class,0,0
train/n03028079/n03028079_6286.JPEG,val/n03028079/n03028079_29920.JPEG,random same-class,7,7
train/n03028079/n03028079_63677.JPEG,val/n03028079/n03028079_7260.JPEG,random same-class,0,0
train/n03028079/n03028079_67547.JPEG,val/n03028079/n03028079_40510.JPEG,random same-class,0,0
train/n03028079/n03028079_6755.JPEG,val/n03028079/n03028079_11111.JPEG,random same-class,0,0
train/n03028079/n03028079_6824.JPEG,val/n03028079/n03028079_26272.JPEG,random same-class,4,4
train/n03028079/n03028079_68853.JPEG,val/n03028079/n03028079_31082.JPEG,random same-class,0,0
train/n03028079/n03028079_7047.JPEG,val/n03028079/n03028079_13530.JPEG,random same-class,0,5
train/n03028079/n03028079_7047.JPEG,val/n03028079/n03028079_15111.JPEG,random same-class,5,7
train/n03028079/n03028079_73897.JPEG,val/n03028079/n03028079_113001.JPEG,random same-class,5,5
train/n03028079/n03028079_7425.JPEG,val/n03028079/n03028079_6722.JPEG,random same-class,5,5
train/n03028079/n03028079_744.JPEG,val/n03028079/n03028079_13721.JPEG,random same-class,5,5
train/n03028079/n03028079_7449.JPEG,val/n03028079/n03028079_10191.JPEG,random same-class,0,5
train/n03028079/n03028079_7449.JPEG,val/n03028079/n03028079_14192.JPEG,random same-class,5,5
train/n03028079/n03028079_7535.JPEG,val/n03028079/n03028079_9632.JPEG,random same-class,4,4
train/n03028079/n03028079_7537.JPEG,val/n03028079/n03028079_52470.JPEG,random same-class,5,4
train/n03028079/n03028079_75889.JPEG,val/n03028079/n03028079_26180.JPEG,random same-class,9,9
train/n03028079/n03028079_7595.JPEG,val/n03028079/n03028079_1922.JPEG,random same-class,4,4
train/n03028079/n03028079_7595.JPEG,val/n03028079/n03028079_25680.JPEG,random same-class,0,0
train/n03028079/n03028079_76427.JPEG,val/n03028079/n03028079_72360.JPEG,random same-class,7,14
train/n03028079/n03028079_7755.JPEG,val/n03028079/n03028079_41342.JPEG,random same-class,4,0
train/n03028079/n03028079_7878.JPEG,val/n03028079/n03028079_2952.JPEG,random same-class,5,4
train/n03028079/n03028079_8016.JPEG,val/n03028079/n03028079_57010.JPEG,random same-class,4,5
train/n03028079/n03028079_8027.JPEG,val/n03028079/n03028079_6501.JPEG,random same-class,4,4
train/n03028079/n03028079_8306.JPEG,val/n03028079/n03028079_16080.JPEG,random same-class,0,0
train/n03028079/n03028079_8397.JPEG,val/n03028079/n03028079_7301.JPEG,random same-class,0,0
train/n03028079/n03028079_8457.JPEG,val/n03028079/n03028079_17922.JPEG,random same-class,5,5
train/n03028079/n03028079_8638.JPEG,val/n03028079/n03028079_24681.JPEG,random same-class,0,0
train/n03028079/n03028079_86729.JPEG,val/n03028079/n03028079_14920.JPEG,random same-class,9,9
train/n03028079/n03028079_8755.JPEG,val/n03028079/n03028079_42222.JPEG,random same-class,6,6
train/n03028079/n03028079_9287.JPEG,val/n03028079/ILSVRC2012_val_00003351.JPEG,random same-class,4,4
train/n03028079/n03028079_9528.JPEG,val/n03028079/n03028079_11591.JPEG,random same-class,5,26
train/n03028079/n03028079_966.JPEG,val/n03028079/n03028079_15602.JPEG,random same-class,8,6
train/n03028079/n03028079_966.JPEG,val/n03028079/n03028079_16501.JPEG,random same-class,4,0
train/n03028079/n03028079_9677.JPEG,val/n03028079/n03028079_8172.JPEG,random same-class,0,0
train/n03028079/n03028079_9768.JPEG,val/n03028079/ILSVRC2012_val_00019331.JPEG,random same-class,6,5
train/n03028079/n03028079_9867.JPEG,val/n03028079/n03028079_3700.JPEG,random same-class,5,5
train/n03394916/ILSVRC2012_val_00000957.JPEG,val/n03394916/n03394916_26102.JPEG,random same-class,6,4
train/n03394916/ILSVRC2012_val_00003587.JPEG,val/n03394916/n03394916_6031.JPEG,random same-class,6,10
train/n03394916/ILSVRC2012_val_00007985.JPEG,val/n03394916/n03394916_27560.JPEG,random same-class,5,5
train/n03394916/ILSVRC2012_val_00013915.JPEG,val/n03394916/n03394916_33222.JPEG,random same-class,1,3
train/n03394916/ILSVRC2012_val_00025583.JPEG,val/n03394916/n03394916_292.JPEG,random same-class,6,5
train/n03394916/ILSVRC2012_val_00025583.JPEG,val/n03394916/n03394916_38830.JPEG,random same-class,6,8
train/n03394916/ILSVRC2012_val_00028723.JPEG,val/n03394916/n03394916_29480.JPEG,random same-class,5,6
train/n03394916/ILSVRC2012_val_00035433.JPEG,val/n03394916/n03394916_42291.JPEG,random same-class,0,0
train/n03394916/ILSVRC2012_val_00043988.JPEG,val/n03394916/n03394916_20281.JPEG,random same-class,5,6
train/n03394916/n03394916_1109.JPEG,val/n03394916/n03394916_37321.JPEG,random same-class,0,0
train/n03394916/n03394916_13957.JPEG,val/n03394916/n03394916_38581.JPEG,random same-class,0,0
train/n03394916/n03394916_13957.JPEG,val/n03394916/n03394916_53581.JPEG,random same-class,0,0
train/n03394916/n03394916_14234.JPEG,val/n03394916/n03394916_53401.JPEG,random same-class,5,5
train/n03394916/n03394916_14234.JPEG,val/n03394916/n03394916_56850.JPEG,random same-class,5,5
train/n03394916/n03394916_15175.JPEG,val/n03394916/n03394916_10591.JPEG,random same-class,8,8
train/n03394916/n03394916_15209.JPEG,val/n03394916/n03394916_42912.JPEG,random same-class,5,5
train/n03394916/n03394916_15787.JPEG,val/n03394916/n03394916_47330.JPEG,random same-class,5,5
train/n03394916/n03394916_15819.JPEG,val/n03394916/n03394916_48491.JPEG,random same-class,0,0
train/n03394916/n03394916_16213.JPEG,val/n03394916/n03394916_38360.JPEG,random same-class,5,4
train/n03394916/n03394916_16555.JPEG,val/n03394916/n03394916_37321.JPEG,random same-class,0,0
train/n03394916/n03394916_16577.JPEG,val/n03394916/n03394916_36982.JPEG,random same-class,0,0
train/n03394916/n03394916_16778.JPEG,val/n03394916/n03394916_32550.JPEG,random same-class,5,5
train/n03394916/n03394916_1695.JPEG,val/n03394916/n03394916_32411.JPEG,random same-class,0,0
train/n03394916/n03394916_17067.JPEG,val/n03394916/n03394916_33942.JPEG,random same-class,5,5
train/n03394916/n03394916_17985.JPEG,val/n03394916/n03394916_23071.JPEG,random same-class,6,6
train/n03394916/n03394916_18048.JPEG,val/n03394916/n03394916_38581.JPEG,random same-class,7,7
train/n03394916/n03394916_18315.JPEG,val/n03394916/n03394916_29752.JPEG,random same-class,0,0
train/n03394916/n03394916_1906.JPEG,val/n03394916/n03394916_47330.JPEG,random same-class,5,5
train/n03394916/n03394916_19648.JPEG,val/n03394916/n03394916_38050.JPEG,random same-class,0,0
train/n03394916/n03394916_19996.JPEG,val/n03394916/n03394916_32272.JPEG,random same-class,0,0
train/n03394916/n03394916_20035.JPEG,val/n03394916/n03394916_38071.JPEG,random same-class,0,0
train/n03394916/n03394916_20776.JPEG,val/n03394916/n03394916_33490.JPEG,random same-class,4,6
train/n03394916/n03394916_20846.JPEG,val/n03394916/ILSVRC2012_val_00011691.JPEG,random same-class,6,6
train/n03394916/n03394916_20846.JPEG,val/n03394916/n03394916_46670.JPEG,random same-class,5,5
train/n03394916/n03394916_21075.JPEG,val/n03394916/n03394916_29480.JPEG,random same-class,6,7
train/n03394916/n03394916_21289.JPEG,val/n03394916/n03394916_56881.JPEG,random same-class,4,4
train/n03394916/n03394916_23108.JPEG,val/n03394916/n03394916_30261.JPEG,random same-class,0,0
train/n03394916/n03394916_23424.JPEG,val/n03394916/n03394916_47651.JPEG,random same-class,0,0
train/n03394916/n03394916_23598.JPEG,val/n03394916/n03394916_38861.JPEG,random same-class,0,0
train/n03394916/n03394916_24304.JPEG,val/n03394916/n03394916_59222.JPEG,random same-class,6,6
train/n03394916/n03394916_25364.JPEG,val/n03394916/n03394916_32582.JPEG,random same-class,6,15
train/n03394916/n03394916_25364.JPEG,val/n03394916/n03394916_33101.JPEG,random same-class,4,8
train/n03394916/n03394916_26346.JPEG,val/n03394916/n03394916_48060.JPEG,random same-class,4,5
train/n03394916/n03394916_26903.JPEG,val/n03394916/n03394916_15352.JPEG,random same-class,0,0
train/n03394916/n03394916_27087.JPEG,val/n03394916/ILSVRC2012_val_00009651.JPEG,random same-class,4,5
train/n03394916/n03394916_27375.JPEG,val/n03394916/n03394916_26270.JPEG,random same-class,7,7
train/n03394916/n03394916_27529.JPEG,val/n03394916/n03394916_30671.JPEG,random same-class,0,0
train/n03394916/n03394916_28528.JPEG,val/n03394916/n03394916_11582.JPEG,random same-class,4,5
train/n03394916/n03394916_28544.JPEG,val/n03394916/n03394916_12292.JPEG,random same-class,4,5
train/n03394916/n03394916_28795.JPEG,val/n03394916/n03394916_51161.JPEG,random same-class,0,0
train/n03394916/n03394916_28926.JPEG,val/n03394916/n03394916_38530.JPEG,random same-class,5,5
train/n03394916/n03394916_28936.JPEG,val/n03394916/n03394916_33942.JPEG,random same-class,5,5
train/n03394916/n03394916_29083.JPEG,val/n03394916/n03394916_10591.JPEG,random same-class,4,5
train/n03394916/n03394916_29164.JPEG,val/n03394916/n03394916_30451.JPEG,random same-class,5,5
train/n03394916/n03394916_29247.JPEG,val/n03394916/n03394916_50380.JPEG,random same-class,6,5
train/n03394916/n03394916_2935.JPEG,val/n03394916/n03394916_8120.JPEG,random same-class,0,4
train/n03394916/n03394916_29358.JPEG,val/n03394916/n03394916_53581.JPEG,random same-class,4,5
train/n03394916/n03394916_29545.JPEG,val/n03394916/n03394916_44580.JPEG,random same-class,5,5
train/n03394916/n03394916_29949.JPEG,val/n03394916/n03394916_47651.JPEG,random same-class,4,4
train/n03394916/n03394916_30019.JPEG,val/n03394916/ILSVRC2012_val_00009651.JPEG,random same-class,12,12
train/n03394916/n03394916_30188.JPEG,val/n03394916/n03394916_36982.JPEG,random same-class,0,0
train/n03394916/n03394916_30494.JPEG,val/n03394916/n03394916_40411.JPEG,random same-class,4,4
train/n03394916/n03394916_30918.JPEG,val/n03394916/n03394916_44440.JPEG,random same-class,5,5
train/n03394916/n03394916_30943.JPEG,val/n03394916/n03394916_22661.JPEG,random same-class,4,6
train/n03394916/n03394916_30989.JPEG,val/n03394916/n03394916_33481.JPEG,random same-class,5,5
train/n03394916/n03394916_3118.JPEG,val/n03394916/n03394916_36960.JPEG,random same-class,0,8
train/n03394916/n03394916_3118.JPEG,val/n03394916/n03394916_4251.JPEG,random same-class,6,12
train/n03394916/n03394916_31743.JPEG,val/n03394916/n03394916_36911.JPEG,random same-class,5,5
train/n03394916/n03394916_32405.JPEG,val/n03394916/ILSVRC2012_val_00033682.JPEG,random same-class,5,5
train/n03394916/n03394916_3249.JPEG,val/n03394916/n03394916_35320.JPEG,random same-class,6,7
train/n03394916/n03394916_32505.JPEG,val/n03394916/n03394916_33380.JPEG,random same-class,5,6
train/n03394916/n03394916_32583.JPEG,val/n03394916/n03394916_52422.JPEG,random same-class,6,6
train/n03394916/n03394916_32644.JPEG,val/n03394916/n03394916_21272.JPEG,random same-class,18,4
train/n03394916/n03394916_32644.JPEG,val/n03394916/n03394916_73490.JPEG,random same-class,6,6
train/n03394916/n03394916_32726.JPEG,val/n03394916/n03394916_35812.JPEG,random same-class,6,6
train/n03394916/n03394916_32736.JPEG,val/n03394916/n03394916_36532.JPEG,random same-class,4,4
train/n03394916/n03394916_32784.JPEG,val/n03394916/n03394916_4301.JPEG,random same-class,0,0
train/n03394916/n03394916_32997.JPEG,val/n03394916/n03394916_36002.JPEG,random same-class,6,6
train/n03394916/n03394916_33006.JPEG,val/n03394916/n03394916_30162.JPEG,random same-class,6,8
train/n03394916/n03394916_33008.JPEG,val/n03394916/n03394916_51752.JPEG,random same-class,5,5
train/n03394916/n03394916_33083.JPEG,val/n03394916/n03394916_33341.JPEG,random same-class,7,7
train/n03394916/n03394916_33687.JPEG,val/n03394916/n03394916_33181.JPEG,random same-class,0,0
train/n03394916/n03394916_33687.JPEG,val/n03394916/n03394916_43121.JPEG,random same-class,4,4
train/n03394916/n03394916_34323.JPEG,val/n03394916/n03394916_12292.JPEG,random same-class,0,0
train/n03394916/n03394916_34338.JPEG,val/n03394916/n03394916_17100.JPEG,random same-class,0,0
train/n03394916/n03394916_34338.JPEG,val/n03394916/n03394916_51440.JPEG,random same-class,0,0
train/n03394916/n03394916_34454.JPEG,val/n03394916/n03394916_33771.JPEG,random same-class,0,0
train/n03394916/n03394916_34605.JPEG,val/n03394916/n03394916_25832.JPEG,random same-class,5,5
train/n03394916/n03394916_34926.JPEG,val/n03394916/n03394916_35620.JPEG,random same-class,0,0
train/n03394916/n03394916_34947.JPEG,val/n03394916/n03394916_36911.JPEG,random same-class,7,7
train/n03394916/n03394916_35133.JPEG,val/n03394916/n03394916_11030.JPEG,random same-class,0,0
train/n03394916/n03394916_35274.JPEG,val/n03394916/n03394916_66070.JPEG,random same-class,5,5
train/n03394916/n03394916_35376.JPEG,val/n03394916/n03394916_50380.JPEG,random same-class,4,5
train/n03394916/n03394916_35615.JPEG,val/n03394916/n03394916_25781.JPEG,random same-class,4,6
train/n03394916/n03394916_35954.JPEG,val/n03394916/n03394916_56022.JPEG,random same-class,0,0
train/n03394916/n03394916_36016.JPEG,val/n03394916/n03394916_36911.JPEG,random same-class,5,5
train/n03394916/n03394916_36113.JPEG,val/n03394916/n03394916_73490.JPEG,random same-class,4,0
train/n03394916/n03394916_36154.JPEG,val/n03394916/n03394916_540.JPEG,random same-class,4,4
train/n03394916/n03394916_36315.JPEG,val/n03394916/n03394916_47651.JPEG,random same-class,0,0
train/n03394916/n03394916_36334.JPEG,val/n03394916/n03394916_32931.JPEG,random same-class,5,7
train/n03394916/n03394916_36855.JPEG,val/n03394916/n03394916_57410.JPEG,random same-class,5,5
train/n03394916/n03394916_3699.JPEG,val/n03394916/n03394916_68382.JPEG,random same-class,0,0
train/n03394916/n03394916_37095.JPEG,val/n03394916/n03394916_52232.JPEG,random same-class,0,0
train/n03394916/n03394916_37099.JPEG,val/n03394916/n03394916_40301.JPEG,random same-class,10,7
train/n03394916/n03394916_37189.JPEG,val/n03394916/n03394916_40391.JPEG,random same-class,5,4
train/n03394916/n03394916_37189.JPEG,val/n03394916/n03394916_47330.JPEG,random same-class,5,5
train/n03394916/n03394916_3727.JPEG,val/n03394916/n03394916_52191.JPEG,random same-class,5,5
train/n03394916/n03394916_37365.JPEG,val/n03394916/n03394916_33341.JPEG,random same-class,5,5
train/n03394916/n03394916_37415.JPEG,val/n03394916/n03394916_38471.JPEG,random same-class,0,4
train/n03394916/n03394916_37417.JPEG,val/n03394916/n03394916_32870.JPEG,random same-class,0,0
train/n03394916/n03394916_37436.JPEG,val/n03394916/n03394916_35811.JPEG,random same-class,0,0
train/n03394916/n03394916_37694.JPEG,val/n03394916/n03394916_38320.JPEG,random same-class,5,11
train/n03394916/n03394916_37809.JPEG,val/n03394916/n03394916_7292.JPEG,random same-class,0,0
train/n03394916/n03394916_37814.JPEG,val/n03394916/n03394916_51440.JPEG,random same-class,0,0
train/n03394916/n03394916_38009.JPEG,val/n03394916/n03394916_180.JPEG,random same-class,4,4
train/n03394916/n03394916_38103.JPEG,val/n03394916/n03394916_43322.JPEG,random same-class,7,28
train/n03394916/n03394916_38338.JPEG,val/n03394916/n03394916_51440.JPEG,random same-class,6,6
train/n03394916/n03394916_38394.JPEG,val/n03394916/n03394916_29580.JPEG,random same-class,0,0
train/n03394916/n03394916_38515.JPEG,val/n03394916/n03394916_29911.JPEG,random same-class,4,4
train/n03394916/n03394916_38515.JPEG,val/n03394916/n03394916_38162.JPEG,random same-class,0,0
train/n03394916/n03394916_38604.JPEG,val/n03394916/n03394916_32980.JPEG,random same-class,4,4
train/n03394916/n03394916_38808.JPEG,val/n03394916/n03394916_48491.JPEG,random same-class,6,6
train/n03394916/n03394916_39153.JPEG,val/n03394916/n03394916_35271.JPEG,random same-class,4,5
train/n03394916/n03394916_39718.JPEG,val/n03394916/n03394916_33940.JPEG,random same-class,5,5
train/n03394916/n03394916_39818.JPEG,val/n03394916/n03394916_29311.JPEG,random same-class,0,0
train/n03394916/n03394916_40029.JPEG,val/n03394916/n03394916_34752.JPEG,random same-class,0,0
train/n03394916/n03394916_40087.JPEG,val/n03394916/n03394916_18691.JPEG,random same-class,20,20
train/n03394916/n03394916_40134.JPEG,val/n03394916/n03394916_16601.JPEG,random same-class,6,5
train/n03394916/n03394916_40167.JPEG,val/n03394916/n03394916_1130.JPEG,random same-class,5,5
train/n03394916/n03394916_40167.JPEG,val/n03394916/n03394916_73490.JPEG,random same-class,6,3
train/n03394916/n03394916_40265.JPEG,val/n03394916/n03394916_57410.JPEG,random same-class,11,7
train/n03394916/n03394916_40453.JPEG,val/n03394916/n03394916_26831.JPEG,random same-class,6,7
train/n03394916/n03394916_40718.JPEG,val/n03394916/n03394916_49722.JPEG,random same-class,4,4
train/n03394916/n03394916_40776.JPEG,val/n03394916/n03394916_49952.JPEG,random same-class,0,0
train/n03394916/n03394916_41676.JPEG,val/n03394916/n03394916_43441.JPEG,random same-class,1,5
train/n03394916/n03394916_42589.JPEG,val/n03394916/n03394916_7522.JPEG,random same-class,0,0
train/n03394916/n03394916_42959.JPEG,val/n03394916/n03394916_5811.JPEG,random same-class,5,5
train/n03394916/n03394916_43255.JPEG,val/n03394916/n03394916_34051.JPEG,random same-class,0,0
train/n03394916/n03394916_43837.JPEG,val/n03394916/n03394916_32272.JPEG,random same-class,4,4
train/n03394916/n03394916_43924.JPEG,val/n03394916/n03394916_47212.JPEG,random same-class,7,7
train/n03394916/n03394916_43947.JPEG,val/n03394916/n03394916_51112.JPEG,random same-class,7,5
train/n03394916/n03394916_44446.JPEG,val/n03394916/n03394916_25670.JPEG,random same-class,0,5
train/n03394916/n03394916_44936.JPEG,val/n03394916/n03394916_37571.JPEG,random same-class,6,6
train/n03394916/n03394916_45264.JPEG,val/n03394916/n03394916_36380.JPEG,random same-class,7,7
train/n03394916/n03394916_45619.JPEG,val/n03394916/n03394916_25832.JPEG,random same-class,0,4
train/n03394916/n03394916_45863.JPEG,val/n03394916/n03394916_50642.JPEG,random same-class,4,0
train/n03394916/n03394916_46614.JPEG,val/n03394916/n03394916_51752.JPEG,random same-class,5,5
train/n03394916/n03394916_46858.JPEG,val/n03394916/n03394916_11571.JPEG,random same-class,5,5
train/n03394916/n03394916_47077.JPEG,val/n03394916/n03394916_51440.JPEG,random same-class,9,9
train/n03394916/n03394916_4796.JPEG,val/n03394916/n03394916_6031.JPEG,random same-class,7,36
train/n03394916/n03394916_5076.JPEG,val/n03394916/n03394916_24532.JPEG,random same-class,13,12
train/n03394916/n03394916_5076.JPEG,val/n03394916/n03394916_36380.JPEG,random same-class,23,31
train/n03394916/n03394916_5076.JPEG,val/n03394916/n03394916_38530.JPEG,random same-class,22,26
train/n03394916/n03394916_51226.JPEG,val/n03394916/n03394916_43441.JPEG,random same-class,10,11
train/n03394916/n03394916_52276.JPEG,val/n03394916/n03394916_33221.JPEG,random same-class,8,8
train/n03394916/n03394916_52644.JPEG,val/n03394916/n03394916_44670.JPEG,random same-class,5,11
train/n03394916/n03394916_53429.JPEG,val/n03394916/n03394916_38680.JPEG,random same-class,10,16
train/n03394916/n03394916_53473.JPEG,val/n03394916/n03394916_34752.JPEG,random same-class,6,5
train/n03394916/n03394916_53968.JPEG,val/n03394916/n03394916_46941.JPEG,random same-class,0,5
train/n03394916/n03394916_5414.JPEG,val/n03394916/n03394916_28291.JPEG,random same-class,8,12
train/n03394916/n03394916_54183.JPEG,val/n03394916/n03394916_51130.JPEG,random same-class,5,7
train/n03394916/n03394916_54429.JPEG,val/n03394916/n03394916_40391.JPEG,random same-class,5,5
train/n03394916/n03394916_55205.JPEG,val/n03394916/n03394916_30231.JPEG,random same-class,5,9
train/n03394916/n03394916_56033.JPEG,val/n03394916/n03394916_50380.JPEG,random same-class,5,5
train/n03394916/n03394916_56118.JPEG,val/n03394916/n03394916_35801.JPEG,random same-class,8,5
train/n03394916/n03394916_57144.JPEG,val/n03394916/n03394916_47982.JPEG,random same-class,6,10
train/n03394916/n03394916_57677.JPEG,val/n03394916/n03394916_50642.JPEG,random same-class,0,5
train/n03394916/n03394916_57855.JPEG,val/n03394916/n03394916_59361.JPEG,random same-class,6,6
train/n03394916/n03394916_58304.JPEG,val/n03394916/ILSVRC2012_val_00004301.JPEG,random same-class,4,5
train/n03394916/n03394916_58467.JPEG,val/n03394916/n03394916_46931.JPEG,random same-class,4,4
train/n03394916/n03394916_5856.JPEG,val/n03394916/n03394916_34752.JPEG,random same-class,0,0
train/n03394916/n03394916_58564.JPEG,val/n03394916/n03394916_38861.JPEG,random same-class,7,11
train/n03394916/n03394916_58685.JPEG,val/n03394916/n03394916_32661.JPEG,random same-class,5,5
train/n03394916/n03394916_58685.JPEG,val/n03394916/n03394916_54391.JPEG,random same-class,4,4
train/n03394916/n03394916_58826.JPEG,val/n03394916/n03394916_30231.JPEG,random same-class,5,6
train/n03394916/n03394916_59127.JPEG,val/n03394916/n03394916_26260.JPEG,random same-class,5,5
train/n03394916/n03394916_59176.JPEG,val/n03394916/n03394916_29530.JPEG,random same-class,9,13
train/n03394916/n03394916_60989.JPEG,val/n03394916/ILSVRC2012_val_00009651.JPEG,random same-class,0,0
train/n03394916/n03394916_60989.JPEG,val/n03394916/n03394916_28561.JPEG,random same-class,0,0
train/n03394916/n03394916_6118.JPEG,val/n03394916/n03394916_36732.JPEG,random same-class,0,0
train/n03394916/n03394916_61793.JPEG,val/n03394916/n03394916_43422.JPEG,random same-class,19,19
train/n03394916/n03394916_6334.JPEG,val/n03394916/n03394916_38702.JPEG,random same-class,6,11
train/n03394916/n03394916_6456.JPEG,val/n03394916/n03394916_36752.JPEG,random same-class,0,0
train/n03394916/n03394916_6694.JPEG,val/n03394916/n03394916_28830.JPEG,random same-class,0,0
train/n03394916/n03394916_68437.JPEG,val/n03394916/n03394916_62690.JPEG,random same-class,0,0
train/n03394916/n03394916_7095.JPEG,val/n03394916/n03394916_37852.JPEG,random same-class,5,9
train/n03394916/n03394916_7216.JPEG,val/n03394916/n03394916_29412.JPEG,random same-class,0,0
train/n03394916/n03394916_73213.JPEG,val/n03394916/n03394916_36172.JPEG,random same-class,5,5
train/n03394916/n03394916_73213.JPEG,val/n03394916/n03394916_46931.JPEG,random same-class,7,7
train/n03394916/n03394916_7453.JPEG,val/n03394916/n03394916_66070.JPEG,random same-class,5,5
train/n03394916/n03394916_7809.JPEG,val/n03394916/n03394916_6742.JPEG,random same-class,0,0
train/n03394916/n03394916_8675.JPEG,val/n03394916/n03394916_41541.JPEG,random same-class,4,5
train/n03394916/n03394916_8733.JPEG,val/n03394916/n03394916_59452.JPEG,random same-class,6,5
train/n03394916/n03394916_8736.JPEG,val/n03394916/n03394916_49600.JPEG,random same-class,7,4
train/n03394916/n03394916_8736.JPEG,val/n03394916/n03394916_7000.JPEG,random same-class,6,6
train/n03394916/n03394916_896.JPEG,val/n03394916/n03394916_27241.JPEG,random same-class,7,8
train/n03394916/n03394916_896.JPEG,val/n03394916/n03394916_28381.JPEG,random same-class,6,6
train/n03394916/n03394916_9925.JPEG,val/n03394916/n03394916_7602.JPEG,random same-class,10,10
train/n03394916/n03394916_9999.JPEG,val/n03394916/n03394916_36361.JPEG,random same-class,6,6
train/n03394916/n03394916_9999.JPEG,val/n03394916/n03394916_48121.JPEG,random same-class,5,4
train/n03417042/ILSVRC2012_val_00006234.JPEG,val/n03417042/n03417042_5232.JPEG,random same-class,4,0
train/n03417042/ILSVRC2012_val_00013958.JPEG,val/n03417042/n03417042_9941.JPEG,random same-class,6,7
train/n03417042/ILSVRC2012_val_00016208.JPEG,val/n03417042/n03417042_2822.JPEG,random same-class,5,5
train/n03417042/ILSVRC2012_val_00038268.JPEG,val/n03417042/n03417042_3842.JPEG,random same-class,4,4
train/n03417042/ILSVRC2012_val_00038268.JPEG,val/n03417042/n03417042_4391.JPEG,random same-class,5,5
train/n03417042/n03417042_10099.JPEG,val/n03417042/n03417042_1022.JPEG,random same-class,5,0
train/n03417042/n03417042_10225.JPEG,val/n03417042/n03417042_3350.JPEG,random same-class,5,5
train/n03417042/n03417042_10289.JPEG,val/n03417042/n03417042_9170.JPEG,random same-class,6,4
train/n03417042/n03417042_1029.JPEG,val/n03417042/n03417042_9311.JPEG,random same-class,6,6
train/n03417042/n03417042_10318.JPEG,val/n03417042/n03417042_11062.JPEG,random same-class,4,4
train/n03417042/n03417042_104.JPEG,val/n03417042/n03417042_9132.JPEG,random same-class,11,12
train/n03417042/n03417042_10597.JPEG,val/n03417042/n03417042_20892.JPEG,random same-class,9,7
train/n03417042/n03417042_10627.JPEG,val/n03417042/n03417042_1841.JPEG,random same-class,5,5
train/n03417042/n03417042_10796.JPEG,val/n03417042/n03417042_12711.JPEG,random same-class,6,6
train/n03417042/n03417042_10796.JPEG,val/n03417042/n03417042_9170.JPEG,random same-class,20,9
train/n03417042/n03417042_10885.JPEG,val/n03417042/n03417042_29941.JPEG,random same-class,4,5
train/n03417042/n03417042_10957.JPEG,val/n03417042/n03417042_10802.JPEG,random same-class,0,4
train/n03417042/n03417042_10957.JPEG,val/n03417042/n03417042_8051.JPEG,random same-class,4,4
train/n03417042/n03417042_11603.JPEG,val/n03417042/n03417042_8822.JPEG,random same-class,3,9
train/n03417042/n03417042_1176.JPEG,val/n03417042/n03417042_27931.JPEG,random same-class,0,0
train/n03417042/n03417042_12128.JPEG,val/n03417042/n03417042_3242.JPEG,random same-class,7,7
train/n03417042/n03417042_1214.JPEG,val/n03417042/n03417042_2141.JPEG,random same-class,4,4
train/n03417042/n03417042_12244.JPEG,val/n03417042/n03417042_26971.JPEG,random same-class,5,9
train/n03417042/n03417042_1225.JPEG,val/n03417042/ILSVRC2012_val_00033842.JPEG,random same-class,5,7
train/n03417042/n03417042_12304.JPEG,val/n03417042/n03417042_5331.JPEG,random same-class,5,0
train/n03417042/n03417042_1258.JPEG,val/n03417042/n03417042_9941.JPEG,random same-class,5,5
train/n03417042/n03417042_12588.JPEG,val/n03417042/n03417042_2062.JPEG,random same-class,7,7
train/n03417042/n03417042_12614.JPEG,val/n03417042/n03417042_12531.JPEG,random same-class,5,5
train/n03417042/n03417042_12614.JPEG,val/n03417042/n03417042_3011.JPEG,random same-class,5,5
train/n03417042/n03417042_12626.JPEG,val/n03417042/ILSVRC2012_val_00032800.JPEG,random same-class,4,4
train/n03417042/n03417042_127.JPEG,val/n03417042/n03417042_24980.JPEG,random same-class,5,5
train/n03417042/n03417042_12765.JPEG,val/n03417042/n03417042_6272.JPEG,random same-class,6,5
train/n03417042/n03417042_12906.JPEG,val/n03417042/n03417042_6521.JPEG,random same-class,7,8
train/n03417042/n03417042_13289.JPEG,val/n03417042/n03417042_3792.JPEG,random same-class,8,8
train/n03417042/n03417042_13729.JPEG,val/n03417042/n03417042_14861.JPEG,random same-class,10,6
train/n03417042/n03417042_14459.JPEG,val/n03417042/n03417042_26971.JPEG,random same-class,8,8
train/n03417042/n03417042_14459.JPEG,val/n03417042/n03417042_4542.JPEG,random same-class,6,6
train/n03417042/n03417042_14567.JPEG,val/n03417042/n03417042_13151.JPEG,random same-class,4,4
train/n03417042/n03417042_14717.JPEG,val/n03417042/n03417042_2150.JPEG,random same-class,6,6
train/n03417042/n03417042_14753.JPEG,val/n03417042/n03417042_6780.JPEG,random same-class,8,8
train/n03417042/n03417042_15045.JPEG,val/n03417042/n03417042_5691.JPEG,random same-class,0,0
train/n03417042/n03417042_15898.JPEG,val/n03417042/n03417042_422.JPEG,random same-class,4,5
train/n03417042/n03417042_16038.JPEG,val/n03417042/n03417042_4551.JPEG,random same-class,0,0
train/n03417042/n03417042_16166.JPEG,val/n03417042/n03417042_12531.JPEG,random same-class,5,5
train/n03417042/n03417042_16389.JPEG,val/n03417042/n03417042_27602.JPEG,random same-class,6,6
train/n03417042/n03417042_16688.JPEG,val/n03417042/n03417042_1280.JPEG,random same-class,6,7
train/n03417042/n03417042_1698.JPEG,val/n03417042/n03417042_4520.JPEG,random same-class,6,6
train/n03417042/n03417042_1714.JPEG,val/n03417042/n03417042_20340.JPEG,random same-class,0,0
train/n03417042/n03417042_1718.JPEG,val/n03417042/n03417042_4470.JPEG,random same-class,5,6
train/n03417042/n03417042_17513.JPEG,val/n03417042/n03417042_27231.JPEG,random same-class,5,5
train/n03417042/n03417042_17545.JPEG,val/n03417042/n03417042_3592.JPEG,random same-class,5,5
train/n03417042/n03417042_17623.JPEG,val/n03417042/n03417042_751.JPEG,random same-class,5,5
train/n03417042/n03417042_17645.JPEG,val/n03417042/n03417042_27850.JPEG,random same-class,4,4
train/n03417042/n03417042_17865.JPEG,val/n03417042/n03417042_212.JPEG,random same-class,4,4
train/n03417042/n03417042_18096.JPEG,val/n03417042/n03417042_6941.JPEG,random same-class,0,0
train/n03417042/n03417042_18099.JPEG,val/n03417042/n03417042_11511.JPEG,random same-class,5,5
train/n03417042/n03417042_18099.JPEG,val/n03417042/n03417042_27022.JPEG,random same-class,7,7
train/n03417042/n03417042_18237.JPEG,val/n03417042/n03417042_4420.JPEG,random same-class,4,4
train/n03417042/n03417042_18348.JPEG,val/n03417042/n03417042_27780.JPEG,random same-class,10,6
train/n03417042/n03417042_18554.JPEG,val/n03417042/n03417042_1211.JPEG,random same-class,6,4
train/n03417042/n03417042_18596.JPEG,val/n03417042/n03417042_2822.JPEG,random same-class,7,6
train/n03417042/n03417042_18596.JPEG,val/n03417042/n03417042_8602.JPEG,random same-class,7,12
train/n03417042/n03417042_18738.JPEG,val/n03417042/n03417042_9610.JPEG,random same-class,0,0
train/n03417042/n03417042_18898.JPEG,val/n03417042/n03417042_4470.JPEG,random same-class,5,4
train/n03417042/n03417042_19158.JPEG,val/n03417042/n03417042_26782.JPEG,random same-class,5,5
train/n03417042/n03417042_19563.JPEG,val/n03417042/n03417042_6981.JPEG,random same-class,5,4
train/n03417042/n03417042_19847.JPEG,val/n03417042/n03417042_6780.JPEG,random same-class,4,4
train/n03417042/n03417042_19958.JPEG,val/n03417042/n03417042_5752.JPEG,random same-class,4,4
train/n03417042/n03417042_19958.JPEG,val/n03417042/n03417042_9152.JPEG,random same-class,5,5
train/n03417042/n03417042_20133.JPEG,val/n03417042/n03417042_29722.JPEG,random same-class,5,6
train/n03417042/n03417042_2035.JPEG,val/n03417042/n03417042_20962.JPEG,random same-class,4,4
train/n03417042/n03417042_20826.JPEG,val/n03417042/n03417042_2822.JPEG,random same-class,5,5
train/n03417042/n03417042_20826.JPEG,val/n03417042/n03417042_6272.JPEG,random same-class,5,4
train/n03417042/n03417042_20919.JPEG,val/n03417042/n03417042_9592.JPEG,random same-class,7,7
train/n03417042/n03417042_2155.JPEG,val/n03417042/n03417042_9121.JPEG,random same-class,4,4
train/n03417042/n03417042_2156.JPEG,val/n03417042/n03417042_27581.JPEG,random same-class,6,6
train/n03417042/n03417042_21758.JPEG,val/n03417042/n03417042_18232.JPEG,random same-class,7,7
train/n03417042/n03417042_21758.JPEG,val/n03417042/n03417042_29480.JPEG,random same-class,7,6
train/n03417042/n03417042_22635.JPEG,val/n03417042/n03417042_18932.JPEG,random same-class,6,7
train/n03417042/n03417042_22683.JPEG,val/n03417042/n03417042_2110.JPEG,random same-class,6,6
train/n03417042/n03417042_22683.JPEG,val/n03417042/n03417042_6780.JPEG,random same-class,4,4
train/n03417042/n03417042_22709.JPEG,val/n03417042/n03417042_5371.JPEG,random same-class,0,4
train/n03417042/n03417042_22845.JPEG,val/n03417042/n03417042_2132.JPEG,random same-class,4,5
train/n03417042/n03417042_22918.JPEG,val/n03417042/n03417042_1332.JPEG,random same-class,4,4
train/n03417042/n03417042_2293.JPEG,val/n03417042/n03417042_6472.JPEG,random same-class,4,5
train/n03417042/n03417042_23149.JPEG,val/n03417042/n03417042_28702.JPEG,random same-class,5,5
train/n03417042/n03417042_2315.JPEG,val/n03417042/n03417042_3141.JPEG,random same-class,4,4
train/n03417042/n03417042_23445.JPEG,val/n03417042/n03417042_12291.JPEG,random same-class,4,5
train/n03417042/n03417042_23445.JPEG,val/n03417042/n03417042_7530.JPEG,random same-class,5,0
train/n03417042/n03417042_2386.JPEG,val/n03417042/n03417042_9620.JPEG,random same-class,5,6
train/n03417042/n03417042_23953.JPEG,val/n03417042/n03417042_27862.JPEG,random same-class,5,5
train/n03417042/n03417042_24155.JPEG,val/n03417042/n03417042_9620.JPEG,random same-class,5,5
train/n03417042/n03417042_24856.JPEG,val/n03417042/n03417042_6521.JPEG,random same-class,5,5
train/n03417042/n03417042_25033.JPEG,val/n03417042/n03417042_8872.JPEG,random same-class,8,8
train/n03417042/n03417042_2515.JPEG,val/n03417042/n03417042_6480.JPEG,random same-class,5,5
train/n03417042/n03417042_265.JPEG,val/n03417042/n03417042_14261.JPEG,random same-class,6,6
train/n03417042/n03417042_26744.JPEG,val/n03417042/n03417042_802.JPEG,random same-class,4,5
train/n03417042/n03417042_26843.JPEG,val/n03417042/n03417042_12531.JPEG,random same-class,0,0
train/n03417042/n03417042_26843.JPEG,val/n03417042/n03417042_27680.JPEG,random same-class,7,7
train/n03417042/n03417042_26855.JPEG,val/n03417042/n03417042_5090.JPEG,random same-class,4,4
train/n03417042/n03417042_27113.JPEG,val/n03417042/n03417042_3390.JPEG,random same-class,0,4
train/n03417042/n03417042_2726.JPEG,val/n03417042/n03417042_21270.JPEG,random same-class,7,10
train/n03417042/n03417042_27326.JPEG,val/n03417042/n03417042_5221.JPEG,random same-class,6,6
train/n03417042/n03417042_27673.JPEG,val/n03417042/n03417042_27151.JPEG,random same-class,7,8
train/n03417042/n03417042_27673.JPEG,val/n03417042/n03417042_9132.JPEG,random same-class,11,10
train/n03417042/n03417042_27815.JPEG,val/n03417042/n03417042_12050.JPEG,random same-class,5,5
train/n03417042/n03417042_28419.JPEG,val/n03417042/n03417042_8030.JPEG,random same-class,5,5
train/n03417042/n03417042_28743.JPEG,val/n03417042/n03417042_18551.JPEG,random same-class,5,5
train/n03417042/n03417042_28773.JPEG,val/n03417042/n03417042_3952.JPEG,random same-class,0,0
train/n03417042/n03417042_29074.JPEG,val/n03417042/n03417042_6691.JPEG,random same-class,7,7
train/n03417042/n03417042_29267.JPEG,val/n03417042/n03417042_24980.JPEG,random same-class,8,5
train/n03417042/n03417042_3003.JPEG,val/n03417042/n03417042_28600.JPEG,random same-class,7,9
train/n03417042/n03417042_3015.JPEG,val/n03417042/n03417042_14712.JPEG,random same-class,0,0
train/n03417042/n03417042_3025.JPEG,val/n03417042/n03417042_3592.JPEG,random same-class,5,10
train/n03417042/n03417042_303.JPEG,val/n03417042/n03417042_12300.JPEG,random same-class,0,0
train/n03417042/n03417042_3047.JPEG,val/n03417042/n03417042_12601.JPEG,random same-class,7,11
train/n03417042/n03417042_3065.JPEG,val/n03417042/n03417042_18601.JPEG,random same-class,5,5
train/n03417042/n03417042_3065.JPEG,val/n03417042/n03417042_7191.JPEG,random same-class,5,0
train/n03417042/n03417042_3084.JPEG,val/n03417042/n03417042_28400.JPEG,random same-class,5,10
train/n03417042/n03417042_3158.JPEG,val/n03417042/n03417042_21361.JPEG,random same-class,0,4
train/n03417042/n03417042_3163.JPEG,val/n03417042/ILSVRC2012_val_00027110.JPEG,random same-class,4,4
train/n03417042/n03417042_3236.JPEG,val/n03417042/n03417042_29412.JPEG,random same-class,5,5
train/n03417042/n03417042_3254.JPEG,val/n03417042/n03417042_22152.JPEG,random same-class,4,5
train/n03417042/n03417042_3264.JPEG,val/n03417042/n03417042_28702.JPEG,random same-class,0,0
train/n03417042/n03417042_3264.JPEG,val/n03417042/n03417042_6941.JPEG,random same-class,5,5
train/n03417042/n03417042_3319.JPEG,val/n03417042/n03417042_2062.JPEG,random same-class,6,6
train/n03417042/n03417042_3375.JPEG,val/n03417042/ILSVRC2012_val_00033842.JPEG,random same-class,4,4
train/n03417042/n03417042_3479.JPEG,val/n03417042/n03417042_29941.JPEG,random same-class,0,4
train/n03417042/n03417042_3633.JPEG,val/n03417042/ILSVRC2012_val_00042802.JPEG,random same-class,14,14
train/n03417042/n03417042_3656.JPEG,val/n03417042/n03417042_20650.JPEG,random same-class,0,0
train/n03417042/n03417042_3669.JPEG,val/n03417042/n03417042_1790.JPEG,random same-class,5,5
train/n03417042/n03417042_3789.JPEG,val/n03417042/n03417042_8051.JPEG,random same-class,6,6
train/n03417042/n03417042_3807.JPEG,val/n03417042/n03417042_11552.JPEG,random same-class,8,6
train/n03417042/n03417042_3807.JPEG,val/n03417042/n03417042_4980.JPEG,random same-class,0,4
train/n03417042/n03417042_3886.JPEG,val/n03417042/n03417042_5180.JPEG,random same-class,4,4
train/n03417042/n03417042_4009.JPEG,val/n03417042/n03417042_2132.JPEG,random same-class,5,6
train/n03417042/n03417042_4009.JPEG,val/n03417042/n03417042_7080.JPEG,random same-class,9,8
train/n03417042/n03417042_4106.JPEG,val/n03417042/n03417042_3771.JPEG,random same-class,5,5
train/n03417042/n03417042_4485.JPEG,val/n03417042/n03417042_10331.JPEG,random same-class,4,4
train/n03417042/n03417042_4528.JPEG,val/n03417042/n03417042_1601.JPEG,random same-class,9,7
train/n03417042/n03417042_4605.JPEG,val/n03417042/n03417042_10612.JPEG,random same-class,4,6
train/n03417042/n03417042_4658.JPEG,val/n03417042/n03417042_6420.JPEG,random same-class,0,0
train/n03417042/n03417042_4735.JPEG,val/n03417042/n03417042_91.JPEG,random same-class,6,6
train/n03417042/n03417042_4975.JPEG,val/n03417042/n03417042_10280.JPEG,random same-class,5,5
train/n03417042/n03417042_4975.JPEG,val/n03417042/n03417042_3861.JPEG,random same-class,9,8
train/n03417042/n03417042_5098.JPEG,val/n03417042/n03417042_802.JPEG,random same-class,8,8
train/n03417042/n03417042_5105.JPEG,val/n03417042/n03417042_1601.JPEG,random same-class,3,6
train/n03417042/n03417042_5206.JPEG,val/n03417042/n03417042_581.JPEG,random same-class,0,0
train/n03417042/n03417042_5225.JPEG,val/n03417042/n03417042_28610.JPEG,random same-class,0,0
train/n03417042/n03417042_5249.JPEG,val/n03417042/n03417042_5510.JPEG,random same-class,7,7
train/n03417042/n03417042_5346.JPEG,val/n03417042/n03417042_11871.JPEG,random same-class,7,8
train/n03417042/n03417042_5424.JPEG,val/n03417042/n03417042_9941.JPEG,random same-class,5,5
train/n03417042/n03417042_5488.JPEG,val/n03417042/n03417042_28400.JPEG,random same-class,0,0
train/n03417042/n03417042_5608.JPEG,val/n03417042/n03417042_12190.JPEG,random same-class,0,0
train/n03417042/n03417042_5685.JPEG,val/n03417042/n03417042_7422.JPEG,random same-class,6,8
train/n03417042/n03417042_5689.JPEG,val/n03417042/n03417042_28700.JPEG,random same-class,4,5
train/n03417042/n03417042_5699.JPEG,val/n03417042/n03417042_18981.JPEG,random same-class,6,6
train/n03417042/n03417042_5707.JPEG,val/n03417042/n03417042_7061.JPEG,random same-class,4,4
train/n03417042/n03417042_5768.JPEG,val/n03417042/n03417042_6941.JPEG,random same-class,5,5
train/n03417042/n03417042_5843.JPEG,val/n03417042/n03417042_6250.JPEG,random same-class,0,0
train/n03417042/n03417042_5843.JPEG,val/n03417042/n03417042_6691.JPEG,random same-class,0,5
train/n03417042/n03417042_5905.JPEG,val/n03417042/n03417042_751.JPEG,random same-class,5,6
train/n03417042/n03417042_6034.JPEG,val/n03417042/n03417042_30.JPEG,random same-class,5,5
train/n03417042/n03417042_6247.JPEG,val/n03417042/n03417042_152.JPEG,random same-class,12,11
train/n03417042/n03417042_6247.JPEG,val/n03417042/n03417042_5510.JPEG,random same-class,7,6
train/n03417042/n03417042_6298.JPEG,val/n03417042/n03417042_19912.JPEG,random same-class,6,5
train/n03417042/n03417042_6803.JPEG,val/n03417042/n03417042_27361.JPEG,random same-class,6,6
train/n03417042/n03417042_6804.JPEG,val/n03417042/n03417042_3600.JPEG,random same-class,0,5
train/n03417042/n03417042_6903.JPEG,val/n03417042/n03417042_18450.JPEG,random same-class,3,6
train/n03417042/n03417042_6984.JPEG,val/n03417042/n03417042_18601.JPEG,random same-class,6,6
train/n03417042/n03417042_7005.JPEG,val/n03417042/n03417042_4511.JPEG,random same-class,8,8
train/n03417042/n03417042_708.JPEG,val/n03417042/n03417042_3101.JPEG,random same-class,5,5
train/n03417042/n03417042_7096.JPEG,val/n03417042/n03417042_10752.JPEG,random same-class,6,6
train/n03417042/n03417042_7177.JPEG,val/n03417042/n03417042_9240.JPEG,random same-class,0,0
train/n03417042/n03417042_7349.JPEG,val/n03417042/n03417042_11441.JPEG,random same-class,4,6
train/n03417042/n03417042_7365.JPEG,val/n03417042/ILSVRC2012_val_00034001.JPEG,random same-class,5,5
train/n03417042/n03417042_7365.JPEG,val/n03417042/n03417042_6050.JPEG,random same-class,5,5
train/n03417042/n03417042_7403.JPEG,val/n03417042/n03417042_27602.JPEG,random same-class,4,4
train/n03417042/n03417042_7408.JPEG,val/n03417042/n03417042_9132.JPEG,random same-class,8,6
train/n03417042/n03417042_7444.JPEG,val/n03417042/n03417042_5090.JPEG,random same-class,14,14
train/n03417042/n03417042_7444.JPEG,val/n03417042/n03417042_7191.JPEG,random same-class,5,5
train/n03417042/n03417042_7485.JPEG,val/n03417042/n03417042_4511.JPEG,random same-class,5,5
train/n03417042/n03417042_7497.JPEG,val/n03417042/n03417042_8822.JPEG,random same-class,4,6
train/n03417042/n03417042_7615.JPEG,val/n03417042/n03417042_9620.JPEG,random same-class,4,4
train/n03417042/n03417042_7629.JPEG,val/n03417042/n03417042_3862.JPEG,random same-class,15,15
train/n03417042/n03417042_7693.JPEG,val/n03417042/n03417042_10150.JPEG,random same-class,4,6
train/n03417042/n03417042_7849.JPEG,val/n03417042/n03417042_29412.JPEG,random same-class,5,5
train/n03417042/n03417042_79.JPEG,val/n03417042/n03417042_11062.JPEG,random same-class,4,4
train/n03417042/n03417042_8175.JPEG,val/n03417042/n03417042_28552.JPEG,random same-class,6,6
train/n03417042/n03417042_8204.JPEG,val/n03417042/n03417042_3171.JPEG,random same-class,0,0
train/n03417042/n03417042_8248.JPEG,val/n03417042/n03417042_7422.JPEG,random same-class,5,8
train/n03417042/n03417042_8348.JPEG,val/n03417042/n03417042_18722.JPEG,random same-class,5,5
train/n03417042/n03417042_835.JPEG,val/n03417042/n03417042_28762.JPEG,random same-class,7,7
train/n03417042/n03417042_835.JPEG,val/n03417042/n03417042_8192.JPEG,random same-class,4,6
train/n03417042/n03417042_8374.JPEG,val/n03417042/n03417042_6130.JPEG,random same-class,5,6
train/n03417042/n03417042_8749.JPEG,val/n03417042/n03417042_10751.JPEG,random same-class,6,8
train/n03417042/n03417042_9023.JPEG,val/n03417042/n03417042_11611.JPEG,random same-class,0,0
train/n03417042/n03417042_9023.JPEG,val/n03417042/n03417042_7670.JPEG,random same-class,5,5
train/n03417042/n03417042_9194.JPEG,val/n03417042/n03417042_8700.JPEG,random same-class,6,6
train/n03417042/n03417042_9234.JPEG,val/n03417042/n03417042_10462.JPEG,random same-class,6,10
train/n03417042/n03417042_9234.JPEG,val/n03417042/n03417042_12560.JPEG,random same-class,4,6
train/n03417042/n03417042_9335.JPEG,val/n03417042/n03417042_7191.JPEG,random same-class,4,7
train/n03417042/n03417042_9378.JPEG,val/n03417042/n03417042_7521.JPEG,random same-class,5,5
train/n03417042/n03417042_9698.JPEG,val/n03417042/n03417042_4752.JPEG,random same-class,5,5
train/n03417042/n03417042_995.JPEG,val/n03417042/n03417042_19912.JPEG,random same-class,8,8
train/n03417042/n03417042_9987.JPEG,val/n03417042/n03417042_9552.JPEG,random same-class,10,11
train/n03425413/ILSVRC2012_val_00005183.JPEG,val/n03425413/n03425413_8542.JPEG,random same-class,4,4
train/n03425413/ILSVRC2012_val_00012504.JPEG,val/n03425413/n03425413_21730.JPEG,random same-class,5,5
train/n03425413/ILSVRC2012_val_00017466.JPEG,val/n03425413/n03425413_17701.JPEG,random same-class,13,11
train/n03425413/ILSVRC2012_val_00018006.JPEG,val/n03425413/n03425413_15601.JPEG,random same-class,5,5
train/n03425413/ILSVRC2012_val_00018006.JPEG,val/n03425413/n03425413_7412.JPEG,random same-class,15,15
train/n03425413/ILSVRC2012_val_00019667.JPEG,val/n03425413/n03425413_16220.JPEG,random same-class,6,6
train/n03425413/ILSVRC2012_val_00019667.JPEG,val/n03425413/n03425413_18571.JPEG,random same-class,6,6
train/n03425413/ILSVRC2012_val_00024806.JPEG,val/n03425413/n03425413_13752.JPEG,random same-class,6,6
train/n03425413/ILSVRC2012_val_00033364.JPEG,val/n03425413/n03425413_8661.JPEG,random same-class,6,6
train/n03425413/ILSVRC2012_val_00035913.JPEG,val/n03425413/n03425413_70.JPEG,random same-class,8,6
train/n03425413/ILSVRC2012_val_00037555.JPEG,val/n03425413/n03425413_13772.JPEG,random same-class,6,7
train/n03425413/ILSVRC2012_val_00045944.JPEG,val/n03425413/n03425413_16681.JPEG,random same-class,5,5
train/n03425413/n03425413_10077.JPEG,val/n03425413/n03425413_1631.JPEG,random same-class,5,6
train/n03425413/n03425413_10118.JPEG,val/n03425413/n03425413_6851.JPEG,random same-class,6,6
train/n03425413/n03425413_10128.JPEG,val/n03425413/n03425413_17262.JPEG,random same-class,6,6
train/n03425413/n03425413_10424.JPEG,val/n03425413/n03425413_24522.JPEG,random same-class,5,4
train/n03425413/n03425413_10477.JPEG,val/n03425413/n03425413_20741.JPEG,random same-class,4,5
train/n03425413/n03425413_10513.JPEG,val/n03425413/n03425413_70.JPEG,random same-class,16,16
train/n03425413/n03425413_10534.JPEG,val/n03425413/n03425413_21301.JPEG,random same-class,12,12
train/n03425413/n03425413_106.JPEG,val/n03425413/n03425413_10792.JPEG,random same-class,6,10
train/n03425413/n03425413_10648.JPEG,val/n03425413/n03425413_12921.JPEG,random same-class,5,5
train/n03425413/n03425413_10868.JPEG,val/n03425413/n03425413_7731.JPEG,random same-class,7,7
train/n03425413/n03425413_10955.JPEG,val/n03425413/n03425413_23251.JPEG,random same-class,9,9
train/n03425413/n03425413_11054.JPEG,val/n03425413/n03425413_13060.JPEG,random same-class,5,4
train/n03425413/n03425413_11064.JPEG,val/n03425413/n03425413_7371.JPEG,random same-class,6,0
train/n03425413/n03425413_11564.JPEG,val/n03425413/n03425413_15602.JPEG,random same-class,7,7
train/n03425413/n03425413_1207.JPEG,val/n03425413/n03425413_28542.JPEG,random same-class,5,7
train/n03425413/n03425413_12287.JPEG,val/n03425413/n03425413_18752.JPEG,random same-class,7,7
train/n03425413/n03425413_12685.JPEG,val/n03425413/n03425413_31961.JPEG,random same-class,7,10
train/n03425413/n03425413_12714.JPEG,val/n03425413/n03425413_1400.JPEG,random same-class,0,0
train/n03425413/n03425413_12763.JPEG,val/n03425413/n03425413_31111.JPEG,random same-class,5,5
train/n03425413/n03425413_12888.JPEG,val/n03425413/n03425413_16551.JPEG,random same-class,5,5
train/n03425413/n03425413_1289.JPEG,val/n03425413/n03425413_14752.JPEG,random same-class,4,5
train/n03425413/n03425413_12909.JPEG,val/n03425413/n03425413_20500.JPEG,random same-class,6,6
train/n03425413/n03425413_13034.JPEG,val/n03425413/n03425413_16031.JPEG,random same-class,6,6
train/n03425413/n03425413_13066.JPEG,val/n03425413/n03425413_3240.JPEG,random same-class,9,9
train/n03425413/n03425413_13068.JPEG,val/n03425413/n03425413_260.JPEG,random same-class,7,7
train/n03425413/n03425413_13183.JPEG,val/n03425413/n03425413_21911.JPEG,random same-class,16,10
train/n03425413/n03425413_13434.JPEG,val/n03425413/n03425413_3021.JPEG,random same-class,5,5
train/n03425413/n03425413_13479.JPEG,val/n03425413/n03425413_23312.JPEG,random same-class,10,9
train/n03425413/n03425413_13496.JPEG,val/n03425413/n03425413_15601.JPEG,random same-class,5,5
train/n03425413/n03425413_13496.JPEG,val/n03425413/n03425413_3471.JPEG,random same-class,0,0
train/n03425413/n03425413_13543.JPEG,val/n03425413/n03425413_1932.JPEG,random same-class,0,5
train/n03425413/n03425413_13576.JPEG,val/n03425413/n03425413_21040.JPEG,random same-class,4,4
train/n03425413/n03425413_13596.JPEG,val/n03425413/n03425413_9940.JPEG,random same-class,8,8
train/n03425413/n03425413_13619.JPEG,val/n03425413/n03425413_19060.JPEG,random same-class,7,7
train/n03425413/n03425413_13795.JPEG,val/n03425413/n03425413_13811.JPEG,random same-class,8,8
train/n03425413/n03425413_14023.JPEG,val/n03425413/n03425413_13772.JPEG,random same-class,6,5
train/n03425413/n03425413_14147.JPEG,val/n03425413/n03425413_19131.JPEG,random same-class,5,5
train/n03425413/n03425413_14197.JPEG,val/n03425413/n03425413_13170.JPEG,random same-class,10,10
train/n03425413/n03425413_14215.JPEG,val/n03425413/n03425413_29331.JPEG,random same-class,0,0
train/n03425413/n03425413_14215.JPEG,val/n03425413/n03425413_5732.JPEG,random same-class,5,5
train/n03425413/n03425413_14226.JPEG,val/n03425413/n03425413_1792.JPEG,random same-class,12,12
train/n03425413/n03425413_14249.JPEG,val/n03425413/n03425413_14722.JPEG,random same-class,7,7
train/n03425413/n03425413_14398.JPEG,val/n03425413/n03425413_430.JPEG,random same-class,8,8
train/n03425413/n03425413_14424.JPEG,val/n03425413/n03425413_8420.JPEG,random same-class,0,4
train/n03425413/n03425413_14427.JPEG,val/n03425413/n03425413_1172.JPEG,random same-class,12,12
train/n03425413/n03425413_14433.JPEG,val/n03425413/n03425413_14361.JPEG,random same-class,9,7
train/n03425413/n03425413_14528.JPEG,val/n03425413/n03425413_2951.JPEG,random same-class,6,5
train/n03425413/n03425413_14643.JPEG,val/n03425413/n03425413_7371.JPEG,random same-class,4,5
train/n03425413/n03425413_14785.JPEG,val/n03425413/n03425413_18132.JPEG,random same-class,6,6
train/n03425413/n03425413_14785.JPEG,val/n03425413/n03425413_6490.JPEG,random same-class,4,4
train/n03425413/n03425413_14793.JPEG,val/n03425413/n03425413_12711.JPEG,random same-class,5,5
train/n03425413/n03425413_14877.JPEG,val/n03425413/ILSVRC2012_val_00017350.JPEG,random same-class,4,4
train/n03425413/n03425413_14908.JPEG,val/n03425413/n03425413_1670.JPEG,random same-class,6,6
train/n03425413/n03425413_15014.JPEG,val/n03425413/n03425413_3241.JPEG,random same-class,8,8
train/n03425413/n03425413_15019.JPEG,val/n03425413/n03425413_2210.JPEG,random same-class,6,6
train/n03425413/n03425413_15063.JPEG,val/n03425413/n03425413_7730.JPEG,random same-class,5,5
train/n03425413/n03425413_15064.JPEG,val/n03425413/n03425413_7091.JPEG,random same-class,7,7
train/n03425413/n03425413_15195.JPEG,val/n03425413/n03425413_12092.JPEG,random same-class,5,5
train/n03425413/n03425413_15286.JPEG,val/n03425413/n03425413_12951.JPEG,random same-class,0,0
train/n03425413/n03425413_15319.JPEG,val/n03425413/n03425413_2210.JPEG,random same-class,6,6
train/n03425413/n03425413_15345.JPEG,val/n03425413/n03425413_241.JPEG,random same-class,11,11
train/n03425413/n03425413_15398.JPEG,val/n03425413/n03425413_18382.JPEG,random same-class,6,6
train/n03425413/n03425413_15434.JPEG,val/n03425413/ILSVRC2012_val_00007471.JPEG,random same-class,5,6
train/n03425413/n03425413_15469.JPEG,val/n03425413/n03425413_20651.JPEG,random same-class,8,8
train/n03425413/n03425413_15496.JPEG,val/n03425413/n03425413_20500.JPEG,random same-class,4,4
train/n03425413/n03425413_15497.JPEG,val/n03425413/n03425413_7292.JPEG,random same-class,6,6
train/n03425413/n03425413_15503.JPEG,val/n03425413/n03425413_12672.JPEG,random same-class,9,9
train/n03425413/n03425413_15515.JPEG,val/n03425413/n03425413_2151.JPEG,random same-class,4,0
train/n03425413/n03425413_15976.JPEG,val/n03425413/n03425413_13572.JPEG,random same-class,0,0
train/n03425413/n03425413_16097.JPEG,val/n03425413/n03425413_27462.JPEG,random same-class,0,8
train/n03425413/n03425413_16116.JPEG,val/n03425413/n03425413_15862.JPEG,random same-class,4,4
train/n03425413/n03425413_16189.JPEG,val/n03425413/n03425413_14381.JPEG,random same-class,0,0
train/n03425413/n03425413_16517.JPEG,val/n03425413/n03425413_7371.JPEG,random same-class,5,6
train/n03425413/n03425413_16655.JPEG,val/n03425413/n03425413_13120.JPEG,random same-class,9,9
train/n03425413/n03425413_16655.JPEG,val/n03425413/n03425413_13811.JPEG,random same-class,5,5
train/n03425413/n03425413_16724.JPEG,val/n03425413/n03425413_14510.JPEG,random same-class,6,5
train/n03425413/n03425413_16749.JPEG,val/n03425413/n03425413_212.JPEG,random same-class,5,4
train/n03425413/n03425413_16783.JPEG,val/n03425413/n03425413_21880.JPEG,random same-class,8,8
train/n03425413/n03425413_16809.JPEG,val/n03425413/n03425413_9421.JPEG,random same-class,0,0
train/n03425413/n03425413_16949.JPEG,val/n03425413/n03425413_5362.JPEG,random same-class,6,6
train/n03425413/n03425413_16949.JPEG,val/n03425413/n03425413_5732.JPEG,random same-class,5,5
train/n03425413/n03425413_17055.JPEG,val/n03425413/n03425413_13120.JPEG,random same-class,0,0
train/n03425413/n03425413_17399.JPEG,val/n03425413/n03425413_13180.JPEG,random same-class,0,0
train/n03425413/n03425413_17485.JPEG,val/n03425413/n03425413_18910.JPEG,random same-class,7,7
train/n03425413/n03425413_1788.JPEG,val/n03425413/n03425413_14552.JPEG,random same-class,6,6
train/n03425413/n03425413_18325.JPEG,val/n03425413/n03425413_21051.JPEG,random same-class,5,5
train/n03425413/n03425413_18874.JPEG,val/n03425413/n03425413_16911.JPEG,random same-class,6,5
train/n03425413/n03425413_19097.JPEG,val/n03425413/n03425413_6772.JPEG,random same-class,7,8
train/n03425413/n03425413_19117.JPEG,val/n03425413/n03425413_28542.JPEG,random same-class,7,7
train/n03425413/n03425413_19208.JPEG,val/n03425413/n03425413_16300.JPEG,random same-class,8,7
train/n03425413/n03425413_19643.JPEG,val/n03425413/n03425413_21332.JPEG,random same-class,5,5
train/n03425413/n03425413_20014.JPEG,val/n03425413/n03425413_2311.JPEG,random same-class,5,5
train/n03425413/n03425413_20016.JPEG,val/n03425413/ILSVRC2012_val_00022252.JPEG,random same-class,7,8
train/n03425413/n03425413_20016.JPEG,val/n03425413/n03425413_21350.JPEG,random same-class,6,6
train/n03425413/n03425413_20327.JPEG,val/n03425413/n03425413_23312.JPEG,random same-class,0,0
train/n03425413/n03425413_20517.JPEG,val/n03425413/n03425413_13751.JPEG,random same-class,4,4
train/n03425413/n03425413_20624.JPEG,val/n03425413/n03425413_13582.JPEG,random same-class,7,6
train/n03425413/n03425413_20676.JPEG,val/n03425413/n03425413_9791.JPEG,random same-class,6,6
train/n03425413/n03425413_20708.JPEG,val/n03425413/n03425413_21202.JPEG,random same-class,6,6
train/n03425413/n03425413_20763.JPEG,val/n03425413/n03425413_23912.JPEG,random same-class,5,5
train/n03425413/n03425413_2079.JPEG,val/n03425413/n03425413_6772.JPEG,random same-class,6,10
train/n03425413/n03425413_20806.JPEG,val/n03425413/n03425413_20711.JPEG,random same-class,0,0
train/n03425413/n03425413_20814.JPEG,val/n03425413/n03425413_10450.JPEG,random same-class,4,4
train/n03425413/n03425413_20918.JPEG,val/n03425413/n03425413_16712.JPEG,random same-class,16,16
train/n03425413/n03425413_2094.JPEG,val/n03425413/n03425413_16712.JPEG,random same-class,7,9
train/n03425413/n03425413_20948.JPEG,val/n03425413/n03425413_13971.JPEG,random same-class,5,5
train/n03425413/n03425413_20979.JPEG,val/n03425413/n03425413_1351.JPEG,random same-class,4,4
train/n03425413/n03425413_20979.JPEG,val/n03425413/n03425413_19261.JPEG,random same-class,4,4
train/n03425413/n03425413_2103.JPEG,val/n03425413/n03425413_12761.JPEG,random same-class,6,6
train/n03425413/n03425413_21069.JPEG,val/n03425413/n03425413_17100.JPEG,random same-class,4,4
train/n03425413/n03425413_21104.JPEG,val/n03425413/n03425413_14752.JPEG,random same-class,6,6
train/n03425413/n03425413_21134.JPEG,val/n03425413/n03425413_19580.JPEG,random same-class,13,7
train/n03425413/n03425413_21137.JPEG,val/n03425413/ILSVRC2012_val_00032250.JPEG,random same-class,6,6
train/n03425413/n03425413_21167.JPEG,val/n03425413/n03425413_6540.JPEG,random same-class,6,6
train/n03425413/n03425413_21235.JPEG,val/n03425413/n03425413_1342.JPEG,random same-class,5,6
train/n03425413/n03425413_21283.JPEG,val/n03425413/n03425413_20210.JPEG,random same-class,4,4
train/n03425413/n03425413_21288.JPEG,val/n03425413/n03425413_12701.JPEG,random same-class,6,6
train/n03425413/n03425413_21319.JPEG,val/n03425413/n03425413_16581.JPEG,random same-class,6,6
train/n03425413/n03425413_21508.JPEG,val/n03425413/n03425413_12270.JPEG,random same-class,4,5
train/n03425413/n03425413_21584.JPEG,val/n03425413/n03425413_13620.JPEG,random same-class,0,0
train/n03425413/n03425413_21584.JPEG,val/n03425413/n03425413_602.JPEG,random same-class,5,5
train/n03425413/n03425413_21595.JPEG,val/n03425413/n03425413_31961.JPEG,random same-class,4,4
train/n03425413/n03425413_21665.JPEG,val/n03425413/n03425413_3241.JPEG,random same-class,5,5
train/n03425413/n03425413_21894.JPEG,val/n03425413/ILSVRC2012_val_00044370.JPEG,random same-class,8,8
train/n03425413/n03425413_22034.JPEG,val/n03425413/n03425413_12921.JPEG,random same-class,5,5
train/n03425413/n03425413_22717.JPEG,val/n03425413/n03425413_13751.JPEG,random same-class,5,5
train/n03425413/n03425413_22717.JPEG,val/n03425413/n03425413_15862.JPEG,random same-class,8,8
train/n03425413/n03425413_2307.JPEG,val/n03425413/n03425413_20312.JPEG,random same-class,7,7
train/n03425413/n03425413_23604.JPEG,val/n03425413/n03425413_16911.JPEG,random same-class,4,4
train/n03425413/n03425413_2423.JPEG,val/n03425413/n03425413_3021.JPEG,random same-class,11,11
train/n03425413/n03425413_2443.JPEG,val/n03425413/n03425413_15312.JPEG,random same-class,7,9
train/n03425413/n03425413_26213.JPEG,val/n03425413/n03425413_13270.JPEG,random same-class,30,30
train/n03425413/n03425413_2637.JPEG,val/n03425413/n03425413_6851.JPEG,random same-class,5,4
train/n03425413/n03425413_2658.JPEG,val/n03425413/n03425413_27392.JPEG,random same-class,0,4
train/n03425413/n03425413_26733.JPEG,val/n03425413/n03425413_19901.JPEG,random same-class,4,4
train/n03425413/n03425413_27335.JPEG,val/n03425413/n03425413_21350.JPEG,random same-class,6,7
train/n03425413/n03425413_27486.JPEG,val/n03425413/n03425413_1472.JPEG,random same-class,0,0
train/n03425413/n03425413_27657.JPEG,val/n03425413/n03425413_16221.JPEG,random same-class,4,10
train/n03425413/n03425413_2814.JPEG,val/n03425413/n03425413_20992.JPEG,random same-class,5,5
train/n03425413/n03425413_2818.JPEG,val/n03425413/n03425413_14672.JPEG,random same-class,4,4
train/n03425413/n03425413_2818.JPEG,val/n03425413/n03425413_20651.JPEG,random same-class,0,0
train/n03425413/n03425413_28779.JPEG,val/n03425413/n03425413_7740.JPEG,random same-class,10,10
train/n03425413/n03425413_29148.JPEG,val/n03425413/n03425413_9241.JPEG,random same-class,8,8
train/n03425413/n03425413_29593.JPEG,val/n03425413/n03425413_1491.JPEG,random same-class,5,7
train/n03425413/n03425413_29973.JPEG,val/n03425413/n03425413_19102.JPEG,random same-class,6,8
train/n03425413/n03425413_3069.JPEG,val/n03425413/n03425413_15602.JPEG,random same-class,4,4
train/n03425413/n03425413_3103.JPEG,val/n03425413/n03425413_11731.JPEG,random same-class,10,10
train/n03425413/n03425413_3436.JPEG,val/n03425413/n03425413_19401.JPEG,random same-class,6,7
train/n03425413/n03425413_4619.JPEG,val/n03425413/n03425413_16911.JPEG,random same-class,18,18
train/n03425413/n03425413_4679.JPEG,val/n03425413/n03425413_14081.JPEG,random same-class,6,6
train/n03425413/n03425413_4855.JPEG,val/n03425413/n03425413_29642.JPEG,random same-class,4,4
train/n03425413/n03425413_499.JPEG,val/n03425413/n03425413_16421.JPEG,random same-class,8,8
train/n03425413/n03425413_5274.JPEG,val/n03425413/n03425413_20651.JPEG,random same-class,7,7
train/n03425413/n03425413_5526.JPEG,val/n03425413/n03425413_12921.JPEG,random same-class,24,24
train/n03425413/n03425413_5724.JPEG,val/n03425413/n03425413_10572.JPEG,random same-class,7,7
train/n03425413/n03425413_604.JPEG,val/n03425413/n03425413_251.JPEG,random same-class,6,0
train/n03425413/n03425413_6048.JPEG,val/n03425413/ILSVRC2012_val_00035242.JPEG,random same-class,6,6
train/n03425413/n03425413_6407.JPEG,val/n03425413/n03425413_9391.JPEG,random same-class,8,8
train/n03425413/n03425413_6757.JPEG,val/n03425413/n03425413_4792.JPEG,random same-class,0,0
train/n03425413/n03425413_7064.JPEG,val/n03425413/n03425413_18752.JPEG,random same-class,5,5
train/n03425413/n03425413_719.JPEG,val/n03425413/n03425413_11731.JPEG,random same-class,7,7
train/n03425413/n03425413_7283.JPEG,val/n03425413/n03425413_16992.JPEG,random same-class,4,8
train/n03425413/n03425413_729.JPEG,val/n03425413/n03425413_21051.JPEG,random same-class,5,5
train/n03425413/n03425413_766.JPEG,val/n03425413/n03425413_16400.JPEG,random same-class,0,0
train/n03425413/n03425413_766.JPEG,val/n03425413/n03425413_20530.JPEG,random same-class,0,0
train/n03425413/n03425413_7668.JPEG,val/n03425413/n03425413_10882.JPEG,random same-class,0,4
train/n03425413/n03425413_7668.JPEG,val/n03425413/n03425413_1491.JPEG,random same-class,6,4
train/n03425413/n03425413_789.JPEG,val/n03425413/n03425413_4802.JPEG,random same-class,0,0
train/n03425413/n03425413_789.JPEG,val/n03425413/n03425413_8901.JPEG,random same-class,5,0
train/n03425413/n03425413_7944.JPEG,val/n03425413/n03425413_24461.JPEG,random same-class,9,5
train/n03425413/n03425413_8068.JPEG,val/n03425413/n03425413_21162.JPEG,random same-class,11,13
train/n03425413/n03425413_8208.JPEG,val/n03425413/n03425413_4130.JPEG,random same-class,4,5
train/n03425413/n03425413_8504.JPEG,val/n03425413/n03425413_9241.JPEG,random same-class,10,10
train/n03425413/n03425413_8567.JPEG,val/n03425413/n03425413_16992.JPEG,random same-class,7,5
train/n03425413/n03425413_8577.JPEG,val/n03425413/n03425413_17802.JPEG,random same-class,4,4
train/n03425413/n03425413_8727.JPEG,val/n03425413/n03425413_1381.JPEG,random same-class,5,7
train/n03425413/n03425413_9453.JPEG,val/n03425413/n03425413_16581.JPEG,random same-class,6,5
train/n03425413/n03425413_9585.JPEG,val/n03425413/n03425413_27010.JPEG,random same-class,7,7
train/n03425413/n03425413_9659.JPEG,val/n03425413/n03425413_14411.JPEG,random same-class,9,21
train/n03425413/n03425413_9659.JPEG,val/n03425413/n03425413_15131.JPEG,random same-class,5,7
train/n03425413/n03425413_9724.JPEG,val/n03425413/n03425413_13060.JPEG,random same-class,5,5
train/n03425413/n03425413_9839.JPEG,val/n03425413/n03425413_17591.JPEG,random same-class,4,5
train/n03445777/ILSVRC2012_val_00007755.JPEG,val/n03445777/n03445777_13911.JPEG,random same-class,0,0
train/n03445777/ILSVRC2012_val_00007755.JPEG,val/n03445777/n03445777_2041.JPEG,random same-class,0,0
train/n03445777/ILSVRC2012_val_00007755.JPEG,val/n03445777/n03445777_8192.JPEG,random same-class,0,0
train/n03445777/ILSVRC2012_val_00013633.JPEG,val/n03445777/n03445777_3651.JPEG,random same-class,0,0
train/n03445777/ILSVRC2012_val_00031897.JPEG,val/n03445777/n03445777_18292.JPEG,random same-class,5,7
train/n03445777/ILSVRC2012_val_00038768.JPEG,val/n03445777/n03445777_2262.JPEG,random same-class,6,6
train/n03445777/ILSVRC2012_val_00046468.JPEG,val/n03445777/n03445777_7480.JPEG,random same-class,0,0
train/n03445777/n03445777_10039.JPEG,val/n03445777/ILSVRC2012_val_00014102.JPEG,random same-class,6,6
train/n03445777/n03445777_10084.JPEG,val/n03445777/n03445777_8732.JPEG,random same-class,0,0
train/n03445777/n03445777_10167.JPEG,val/n03445777/n03445777_20061.JPEG,random same-class,0,0
train/n03445777/n03445777_10425.JPEG,val/n03445777/n03445777_14232.JPEG,random same-class,0,4
train/n03445777/n03445777_10499.JPEG,val/n03445777/n03445777_6101.JPEG,random same-class,4,5
train/n03445777/n03445777_10499.JPEG,val/n03445777/n03445777_7670.JPEG,random same-class,9,9
train/n03445777/n03445777_10537.JPEG,val/n03445777/n03445777_3291.JPEG,random same-class,0,0
train/n03445777/n03445777_10537.JPEG,val/n03445777/n03445777_790.JPEG,random same-class,0,0
train/n03445777/n03445777_10676.JPEG,val/n03445777/n03445777_17311.JPEG,random same-class,0,4
train/n03445777/n03445777_10678.JPEG,val/n03445777/n03445777_5992.JPEG,random same-class,0,0
train/n03445777/n03445777_10698.JPEG,val/n03445777/n03445777_17511.JPEG,random same-class,6,6
train/n03445777/n03445777_11347.JPEG,val/n03445777/n03445777_18491.JPEG,random same-class,0,0
train/n03445777/n03445777_11389.JPEG,val/n03445777/n03445777_3090.JPEG,random same-class,0,0
train/n03445777/n03445777_1159.JPEG,val/n03445777/n03445777_7552.JPEG,random same-class,0,0
train/n03445777/n03445777_1169.JPEG,val/n03445777/n03445777_1291.JPEG,random same-class,0,0
train/n03445777/n03445777_11789.JPEG,val/n03445777/n03445777_9340.JPEG,random same-class,0,0
train/n03445777/n03445777_12013.JPEG,val/n03445777/n03445777_4101.JPEG,random same-class,4,4
train/n03445777/n03445777_12303.JPEG,val/n03445777/n03445777_9971.JPEG,random same-class,0,0
train/n03445777/n03445777_129.JPEG,val/n03445777/n03445777_13640.JPEG,random same-class,0,0
train/n03445777/n03445777_12947.JPEG,val/n03445777/n03445777_8980.JPEG,random same-class,0,0
train/n03445777/n03445777_1297.JPEG,val/n03445777/n03445777_10862.JPEG,random same-class,5,5
train/n03445777/n03445777_1297.JPEG,val/n03445777/n03445777_5862.JPEG,random same-class,7,7
train/n03445777/n03445777_13307.JPEG,val/n03445777/n03445777_4291.JPEG,random same-class,0,0
train/n03445777/n03445777_1338.JPEG,val/n03445777/n03445777_10141.JPEG,random same-class,0,0
train/n03445777/n03445777_13414.JPEG,val/n03445777/n03445777_8842.JPEG,random same-class,5,7
train/n03445777/n03445777_13579.JPEG,val/n03445777/n03445777_10762.JPEG,random same-class,7,5
train/n03445777/n03445777_13736.JPEG,val/n03445777/n03445777_10632.JPEG,random same-class,0,0
train/n03445777/n03445777_1386.JPEG,val/n03445777/n03445777_2770.JPEG,random same-class,0,0
train/n03445777/n03445777_1386.JPEG,val/n03445777/n03445777_4070.JPEG,random same-class,0,0
train/n03445777/n03445777_14278.JPEG,val/n03445777/n03445777_13570.JPEG,random same-class,5,5
train/n03445777/n03445777_14278.JPEG,val/n03445777/n03445777_14301.JPEG,random same-class,11,16
train/n03445777/n03445777_14335.JPEG,val/n03445777/n03445777_1292.JPEG,random same-class,0,0
train/n03445777/n03445777_14533.JPEG,val/n03445777/n03445777_8620.JPEG,random same-class,0,0
train/n03445777/n03445777_147.JPEG,val/n03445777/n03445777_5941.JPEG,random same-class,0,0
train/n03445777/n03445777_1519.JPEG,val/n03445777/n03445777_10862.JPEG,random same-class,5,5
train/n03445777/n03445777_15568.JPEG,val/n03445777/n03445777_3391.JPEG,random same-class,0,4
train/n03445777/n03445777_15568.JPEG,val/n03445777/n03445777_3892.JPEG,random same-class,0,5
train/n03445777/n03445777_15656.JPEG,val/n03445777/n03445777_4731.JPEG,random same-class,7,7
train/n03445777/n03445777_15688.JPEG,val/n03445777/n03445777_6621.JPEG,random same-class,0,0
train/n03445777/n03445777_16036.JPEG,val/n03445777/n03445777_3922.JPEG,random same-class,4,4
train/n03445777/n03445777_16067.JPEG,val/n03445777/n03445777_70.JPEG,random same-class,0,4
train/n03445777/n03445777_16203.JPEG,val/n03445777/n03445777_4220.JPEG,random same-class,4,4
train/n03445777/n03445777_16294.JPEG,val/n03445777/n03445777_12882.JPEG,random same-class,0,0
train/n03445777/n03445777_16413.JPEG,val/n03445777/n03445777_1962.JPEG,random same-class,12,16
train/n03445777/n03445777_1697.JPEG,val/n03445777/n03445777_4290.JPEG,random same-class,0,0
train/n03445777/n03445777_17104.JPEG,val/n03445777/n03445777_10760.JPEG,random same-class,0,0
train/n03445777/n03445777_1804.JPEG,val/n03445777/n03445777_5932.JPEG,random same-class,0,0
train/n03445777/n03445777_18067.JPEG,val/n03445777/n03445777_10721.JPEG,random same-class,0,0
train/n03445777/n03445777_1809.JPEG,val/n03445777/n03445777_8820.JPEG,random same-class,0,0
train/n03445777/n03445777_18428.JPEG,val/n03445777/n03445777_10760.JPEG,random same-class,0,4
train/n03445777/n03445777_189.JPEG,val/n03445777/n03445777_11481.JPEG,random same-class,0,0
train/n03445777/n03445777_189.JPEG,val/n03445777/n03445777_3311.JPEG,random same-class,0,0
train/n03445777/n03445777_18958.JPEG,val/n03445777/n03445777_5812.JPEG,random same-class,0,0
train/n03445777/n03445777_1908.JPEG,val/n03445777/n03445777_6590.JPEG,random same-class,0,0
train/n03445777/n03445777_1953.JPEG,val/n03445777/n03445777_15820.JPEG,random same-class,4,4
train/n03445777/n03445777_19807.JPEG,val/n03445777/n03445777_6752.JPEG,random same-class,0,0
train/n03445777/n03445777_19933.JPEG,val/n03445777/n03445777_5280.JPEG,random same-class,0,0
train/n03445777/n03445777_20239.JPEG,val/n03445777/n03445777_11401.JPEG,random same-class,0,0
train/n03445777/n03445777_20707.JPEG,val/n03445777/n03445777_15692.JPEG,random same-class,5,5
train/n03445777/n03445777_20726.JPEG,val/n03445777/n03445777_11401.JPEG,random same-class,0,0
train/n03445777/n03445777_20726.JPEG,val/n03445777/n03445777_13671.JPEG,random same-class,5,5
train/n03445777/n03445777_2077.JPEG,val/n03445777/n03445777_4930.JPEG,random same-class,4,4
train/n03445777/n03445777_20777.JPEG,val/n03445777/n03445777_6551.JPEG,random same-class,9,18
train/n03445777/n03445777_20777.JPEG,val/n03445777/n03445777_9442.JPEG,random same-class,31,26
train/n03445777/n03445777_2113.JPEG,val/n03445777/n03445777_6590.JPEG,random same-class,0,0
train/n03445777/n03445777_2137.JPEG,val/n03445777/n03445777_4101.JPEG,random same-class,0,0
train/n03445777/n03445777_2194.JPEG,val/n03445777/n03445777_15162.JPEG,random same-class,0,0
train/n03445777/n03445777_2194.JPEG,val/n03445777/n03445777_7902.JPEG,random same-class,0,0
train/n03445777/n03445777_2227.JPEG,val/n03445777/n03445777_15880.JPEG,random same-class,5,5
train/n03445777/n03445777_2253.JPEG,val/n03445777/n03445777_8840.JPEG,random same-class,0,0
train/n03445777/n03445777_2427.JPEG,val/n03445777/n03445777_6052.JPEG,random same-class,0,0
train/n03445777/n03445777_2486.JPEG,val/n03445777/n03445777_551.JPEG,random same-class,0,0
train/n03445777/n03445777_2493.JPEG,val/n03445777/n03445777_6451.JPEG,random same-class,1,5
train/n03445777/n03445777_2497.JPEG,val/n03445777/n03445777_8380.JPEG,random same-class,0,0
train/n03445777/n03445777_2709.JPEG,val/n03445777/n03445777_5941.JPEG,random same-class,0,14
train/n03445777/n03445777_2873.JPEG,val/n03445777/n03445777_12882.JPEG,random same-class,0,0
train/n03445777/n03445777_2963.JPEG,val/n03445777/n03445777_210.JPEG,random same-class,0,7
train/n03445777/n03445777_3.JPEG,val/n03445777/ILSVRC2012_val_00041672.JPEG,random same-class,0,0
train/n03445777/n03445777_3.JPEG,val/n03445777/n03445777_501.JPEG,random same-class,0,0
train/n03445777/n03445777_3023.JPEG,val/n03445777/n03445777_12262.JPEG,random same-class,9,9
train/n03445777/n03445777_3046.JPEG,val/n03445777/n03445777_5712.JPEG,random same-class,0,0
train/n03445777/n03445777_3119.JPEG,val/n03445777/n03445777_5270.JPEG,random same-class,4,4
train/n03445777/n03445777_3134.JPEG,val/n03445777/n03445777_3060.JPEG,random same-class,0,0
train/n03445777/n03445777_3155.JPEG,val/n03445777/n03445777_6451.JPEG,random same-class,0,0
train/n03445777/n03445777_3345.JPEG,val/n03445777/n03445777_6881.JPEG,random same-class,0,0
train/n03445777/n03445777_3356.JPEG,val/n03445777/n03445777_16220.JPEG,random same-class,0,0
train/n03445777/n03445777_3356.JPEG,val/n03445777/n03445777_17311.JPEG,random same-class,0,0
train/n03445777/n03445777_3374.JPEG,val/n03445777/n03445777_5932.JPEG,random same-class,0,0
train/n03445777/n03445777_3386.JPEG,val/n03445777/n03445777_5901.JPEG,random same-class,6,5
train/n03445777/n03445777_3397.JPEG,val/n03445777/n03445777_520.JPEG,random same-class,4,10
train/n03445777/n03445777_3429.JPEG,val/n03445777/n03445777_980.JPEG,random same-class,0,0
train/n03445777/n03445777_3497.JPEG,val/n03445777/n03445777_3222.JPEG,random same-class,0,0
train/n03445777/n03445777_3497.JPEG,val/n03445777/n03445777_5382.JPEG,random same-class,0,0
train/n03445777/n03445777_3505.JPEG,val/n03445777/n03445777_1460.JPEG,random same-class,0,0
train/n03445777/n03445777_3529.JPEG,val/n03445777/n03445777_2031.JPEG,random same-class,0,0
train/n03445777/n03445777_3544.JPEG,val/n03445777/n03445777_8842.JPEG,random same-class,5,5
train/n03445777/n03445777_3567.JPEG,val/n03445777/n03445777_17042.JPEG,random same-class,6,6
train/n03445777/n03445777_366.JPEG,val/n03445777/n03445777_14731.JPEG,random same-class,0,0
train/n03445777/n03445777_3673.JPEG,val/n03445777/n03445777_2270.JPEG,random same-class,5,7
train/n03445777/n03445777_3788.JPEG,val/n03445777/n03445777_3761.JPEG,random same-class,5,5
train/n03445777/n03445777_3833.JPEG,val/n03445777/n03445777_16321.JPEG,random same-class,0,0
train/n03445777/n03445777_3837.JPEG,val/n03445777/n03445777_6181.JPEG,random same-class,0,4
train/n03445777/n03445777_3895.JPEG,val/n03445777/ILSVRC2012_val_00020502.JPEG,random same-class,0,4
train/n03445777/n03445777_3919.JPEG,val/n03445777/n03445777_3890.JPEG,random same-class,5,5
train/n03445777/n03445777_397.JPEG,val/n03445777/n03445777_5312.JPEG,random same-class,4,4
train/n03445777/n03445777_398.JPEG,val/n03445777/n03445777_7152.JPEG,random same-class,0,0
train/n03445777/n03445777_399.JPEG,val/n03445777/n03445777_6181.JPEG,random same-class,0,5
train/n03445777/n03445777_3995.JPEG,val/n03445777/n03445777_9300.JPEG,random same-class,0,0
train/n03445777/n03445777_403.JPEG,val/n03445777/n03445777_14301.JPEG,random same-class,5,5
train/n03445777/n03445777_403.JPEG,val/n03445777/n03445777_5280.JPEG,random same-class,7,7
train/n03445777/n03445777_403.JPEG,val/n03445777/n03445777_6091.JPEG,random same-class,4,4
train/n03445777/n03445777_4098.JPEG,val/n03445777/n03445777_9880.JPEG,random same-class,0,0
train/n03445777/n03445777_4109.JPEG,val/n03445777/n03445777_4352.JPEG,random same-class,0,0
train/n03445777/n03445777_416.JPEG,val/n03445777/n03445777_520.JPEG,random same-class,0,4
train/n03445777/n03445777_4229.JPEG,val/n03445777/ILSVRC2012_val_00014102.JPEG,random same-class,4,4
train/n03445777/n03445777_4239.JPEG,val/n03445777/n03445777_16491.JPEG,random same-class,0,0
train/n03445777/n03445777_4253.JPEG,val/n03445777/n03445777_14051.JPEG,random same-class,0,0
train/n03445777/n03445777_4278.JPEG,val/n03445777/n03445777_9771.JPEG,random same-class,5,5
train/n03445777/n03445777_4333.JPEG,val/n03445777/n03445777_5912.JPEG,random same-class,6,7
train/n03445777/n03445777_4354.JPEG,val/n03445777/n03445777_20061.JPEG,random same-class,0,0
train/n03445777/n03445777_4539.JPEG,val/n03445777/n03445777_18292.JPEG,random same-class,7,7
train/n03445777/n03445777_4615.JPEG,val/n03445777/n03445777_7641.JPEG,random same-class,0,0
train/n03445777/n03445777_4667.JPEG,val/n03445777/n03445777_5861.JPEG,random same-class,0,0
train/n03445777/n03445777_4814.JPEG,val/n03445777/n03445777_461.JPEG,random same-class,0,0
train/n03445777/n03445777_4878.JPEG,val/n03445777/n03445777_8980.JPEG,random same-class,0,0
train/n03445777/n03445777_4914.JPEG,val/n03445777/n03445777_3800.JPEG,random same-class,0,0
train/n03445777/n03445777_4959.JPEG,val/n03445777/n03445777_2511.JPEG,random same-class,0,0
train/n03445777/n03445777_5008.JPEG,val/n03445777/n03445777_8971.JPEG,random same-class,5,5
train/n03445777/n03445777_5107.JPEG,val/n03445777/n03445777_8980.JPEG,random same-class,0,11
train/n03445777/n03445777_5139.JPEG,val/n03445777/n03445777_360.JPEG,random same-class,0,0
train/n03445777/n03445777_5266.JPEG,val/n03445777/n03445777_10760.JPEG,random same-class,0,0
train/n03445777/n03445777_5316.JPEG,val/n03445777/n03445777_12772.JPEG,random same-class,0,0
train/n03445777/n03445777_5337.JPEG,val/n03445777/n03445777_4062.JPEG,random same-class,0,0
train/n03445777/n03445777_5509.JPEG,val/n03445777/n03445777_9120.JPEG,random same-class,4,4
train/n03445777/n03445777_5573.JPEG,val/n03445777/n03445777_16392.JPEG,random same-class,11,11
train/n03445777/n03445777_5594.JPEG,val/n03445777/n03445777_10550.JPEG,random same-class,0,0
train/n03445777/n03445777_5665.JPEG,val/n03445777/n03445777_15162.JPEG,random same-class,0,0
train/n03445777/n03445777_5703.JPEG,val/n03445777/n03445777_14281.JPEG,random same-class,0,0
train/n03445777/n03445777_5743.JPEG,val/n03445777/n03445777_7902.JPEG,random same-class,0,0
train/n03445777/n03445777_5804.JPEG,val/n03445777/n03445777_3142.JPEG,random same-class,0,0
train/n03445777/n03445777_5809.JPEG,val/n03445777/n03445777_461.JPEG,random same-class,0,0
train/n03445777/n03445777_5838.JPEG,val/n03445777/n03445777_1152.JPEG,random same-class,0,0
train/n03445777/n03445777_584.JPEG,val/n03445777/n03445777_11122.JPEG,random same-class,0,0
train/n03445777/n03445777_5893.JPEG,val/n03445777/n03445777_5992.JPEG,random same-class,10,11
train/n03445777/n03445777_59.JPEG,val/n03445777/n03445777_3440.JPEG,random same-class,7,7
train/n03445777/n03445777_5934.JPEG,val/n03445777/n03445777_10042.JPEG,random same-class,0,0
train/n03445777/n03445777_6038.JPEG,val/n03445777/n03445777_3440.JPEG,random same-class,6,6
train/n03445777/n03445777_6038.JPEG,val/n03445777/n03445777_392.JPEG,random same-class,0,0
train/n03445777/n03445777_6067.JPEG,val/n03445777/n03445777_3440.JPEG,random same-class,6,6
train/n03445777/n03445777_607.JPEG,val/n03445777/ILSVRC2012_val_00041672.JPEG,random same-class,0,0
train/n03445777/n03445777_6134.JPEG,val/n03445777/n03445777_1452.JPEG,random same-class,0,5
train/n03445777/n03445777_6195.JPEG,val/n03445777/n03445777_16150.JPEG,random same-class,0,0
train/n03445777/n03445777_6335.JPEG,val/n03445777/n03445777_11401.JPEG,random same-class,4,6
train/n03445777/n03445777_6388.JPEG,val/n03445777/n03445777_4131.JPEG,random same-class,5,5
train/n03445777/n03445777_6397.JPEG,val/n03445777/n03445777_1971.JPEG,random same-class,0,4
train/n03445777/n03445777_6397.JPEG,val/n03445777/n03445777_8380.JPEG,random same-class,4,5
train/n03445777/n03445777_6427.JPEG,val/n03445777/n03445777_6380.JPEG,random same-class,0,0
train/n03445777/n03445777_6515.JPEG,val/n03445777/n03445777_1311.JPEG,random same-class,0,0
train/n03445777/n03445777_6516.JPEG,val/n03445777/n03445777_7090.JPEG,random same-class,0,0
train/n03445777/n03445777_663.JPEG,val/n03445777/n03445777_7090.JPEG,random same-class,0,0
train/n03445777/n03445777_6807.JPEG,val/n03445777/n03445777_13911.JPEG,random same-class,7,7
train/n03445777/n03445777_6848.JPEG,val/n03445777/n03445777_1390.JPEG,random same-class,0,0
train/n03445777/n03445777_6856.JPEG,val/n03445777/n03445777_5901.JPEG,random same-class,0,0
train/n03445777/n03445777_7086.JPEG,val/n03445777/n03445777_6081.JPEG,random same-class,0,0
train/n03445777/n03445777_7095.JPEG,val/n03445777/n03445777_1482.JPEG,random same-class,0,0
train/n03445777/n03445777_7196.JPEG,val/n03445777/n03445777_14381.JPEG,random same-class,0,0
train/n03445777/n03445777_7208.JPEG,val/n03445777/n03445777_531.JPEG,random same-class,0,0
train/n03445777/n03445777_724.JPEG,val/n03445777/n03445777_5861.JPEG,random same-class,6,6
train/n03445777/n03445777_7255.JPEG,val/n03445777/n03445777_4872.JPEG,random same-class,0,0
train/n03445777/n03445777_7286.JPEG,val/n03445777/n03445777_2412.JPEG,random same-class,0,0
train/n03445777/n03445777_768.JPEG,val/n03445777/n03445777_7091.JPEG,random same-class,0,0
train/n03445777/n03445777_7729.JPEG,val/n03445777/n03445777_12202.JPEG,random same-class,4,4
train/n03445777/n03445777_775.JPEG,val/n03445777/n03445777_13960.JPEG,random same-class,0,0
train/n03445777/n03445777_7794.JPEG,val/n03445777/n03445777_5382.JPEG,random same-class,0,0
train/n03445777/n03445777_7794.JPEG,val/n03445777/n03445777_6081.JPEG,random same-class,0,0
train/n03445777/n03445777_7855.JPEG,val/n03445777/n03445777_3890.JPEG,random same-class,0,0
train/n03445777/n03445777_7947.JPEG,val/n03445777/ILSVRC2012_val_00042350.JPEG,random same-class,0,0
train/n03445777/n03445777_8007.JPEG,val/n03445777/n03445777_14232.JPEG,random same-class,0,0
train/n03445777/n03445777_8015.JPEG,val/n03445777/n03445777_6360.JPEG,random same-class,0,0
train/n03445777/n03445777_8016.JPEG,val/n03445777/n03445777_18491.JPEG,random same-class,0,0
train/n03445777/n03445777_8026.JPEG,val/n03445777/n03445777_2151.JPEG,random same-class,0,0
train/n03445777/n03445777_8079.JPEG,val/n03445777/n03445777_4101.JPEG,random same-class,0,0
train/n03445777/n03445777_8209.JPEG,val/n03445777/n03445777_1292.JPEG,random same-class,0,0
train/n03445777/n03445777_8225.JPEG,val/n03445777/n03445777_8842.JPEG,random same-class,0,0
train/n03445777/n03445777_8289.JPEG,val/n03445777/n03445777_14281.JPEG,random same-class,0,0
train/n03445777/n03445777_838.JPEG,val/n03445777/n03445777_3122.JPEG,random same-class,7,8
train/n03445777/n03445777_844.JPEG,val/n03445777/n03445777_2332.JPEG,random same-class,4,5
train/n03445777/n03445777_8446.JPEG,val/n03445777/n03445777_8681.JPEG,random same-class,0,0
train/n03445777/n03445777_8546.JPEG,val/n03445777/n03445777_520.JPEG,random same-class,0,0
train/n03445777/n03445777_8546.JPEG,val/n03445777/n03445777_6881.JPEG,random same-class,6,0
train/n03445777/n03445777_8546.JPEG,val/n03445777/n03445777_7001.JPEG,random same-class,4,4
train/n03445777/n03445777_8663.JPEG,val/n03445777/n03445777_1292.JPEG,random same-class,0,0
train/n03445777/n03445777_8663.JPEG,val/n03445777/n03445777_9380.JPEG,random same-class,0,0
train/n03445777/n03445777_8683.JPEG,val/n03445777/n03445777_9000.JPEG,random same-class,0,0
train/n03445777/n03445777_874.JPEG,val/n03445777/n03445777_5240.JPEG,random same-class,0,0
train/n03445777/n03445777_874.JPEG,val/n03445777/n03445777_8060.JPEG,random same-class,0,0
train/n03445777/n03445777_8853.JPEG,val/n03445777/n03445777_501.JPEG,random same-class,4,4
train/n03445777/n03445777_889.JPEG,val/n03445777/n03445777_3800.JPEG,random same-class,0,0
train/n03445777/n03445777_8986.JPEG,val/n03445777/n03445777_4220.JPEG,random same-class,0,0
train/n03445777/n03445777_9017.JPEG,val/n03445777/n03445777_10862.JPEG,random same-class,0,0
train/n03445777/n03445777_9159.JPEG,val/n03445777/n03445777_10401.JPEG,random same-class,0,0
train/n03445777/n03445777_9179.JPEG,val/n03445777/n03445777_2362.JPEG,random same-class,0,0
train/n03445777/n03445777_9255.JPEG,val/n03445777/n03445777_2822.JPEG,random same-class,5,2
train/n03445777/n03445777_9413.JPEG,val/n03445777/n03445777_790.JPEG,random same-class,0,0
train/n03445777/n03445777_95.JPEG,val/n03445777/n03445777_2031.JPEG,random same-class,0,0
train/n03445777/n03445777_9515.JPEG,val/n03445777/n03445777_2770.JPEG,random same-class,0,0
train/n03445777/n03445777_9675.JPEG,val/n03445777/n03445777_2270.JPEG,random same-class,0,0
train/n03445777/n03445777_9746.JPEG,val/n03445777/n03445777_16051.JPEG,random same-class,0,0
train/n03445777/n03445777_9854.JPEG,val/n03445777/n03445777_6242.JPEG,random same-class,0,5
train/n03445777/n03445777_9865.JPEG,val/n03445777/n03445777_6242.JPEG,random same-class,5,8
train/n03445777/n03445777_9908.JPEG,val/n03445777/n03445777_5991.JPEG,random same-class,10,10
train/n03445777/n03445777_9915.JPEG,val/n03445777/n03445777_12172.JPEG,random same-class,0,0
train/n03445777/n03445777_9915.JPEG,val/n03445777/n03445777_7552.JPEG,random same-class,0,0
train/n03888257/ILSVRC2012_val_00002665.JPEG,val/n03888257/n03888257_35800.JPEG,random same-class,0,0
train/n03888257/ILSVRC2012_val_00009593.JPEG,val/n03888257/n03888257_17851.JPEG,random same-class,0,4
train/n03888257/ILSVRC2012_val_00009873.JPEG,val/n03888257/n03888257_19462.JPEG,random same-class,8,8
train/n03888257/ILSVRC2012_val_00010336.JPEG,val/n03888257/n03888257_41391.JPEG,random same-class,0,0
train/n03888257/ILSVRC2012_val_00010427.JPEG,val/n03888257/n03888257_4580.JPEG,random same-class,10,12
train/n03888257/ILSVRC2012_val_00011324.JPEG,val/n03888257/n03888257_9812.JPEG,random same-class,0,0
train/n03888257/ILSVRC2012_val_00018229.JPEG,val/n03888257/n03888257_30680.JPEG,random same-class,0,0
train/n03888257/ILSVRC2012_val_00031035.JPEG,val/n03888257/n03888257_59442.JPEG,random same-class,4,4
train/n03888257/ILSVRC2012_val_00034544.JPEG,val/n03888257/n03888257_22061.JPEG,random same-class,0,0
train/n03888257/n03888257_10037.JPEG,val/n03888257/n03888257_30032.JPEG,random same-class,0,0
train/n03888257/n03888257_10068.JPEG,val/n03888257/n03888257_29050.JPEG,random same-class,0,0
train/n03888257/n03888257_10136.JPEG,val/n03888257/n03888257_57570.JPEG,random same-class,0,0
train/n03888257/n03888257_10639.JPEG,val/n03888257/n03888257_13681.JPEG,random same-class,0,0
train/n03888257/n03888257_10748.JPEG,val/n03888257/n03888257_4842.JPEG,random same-class,8,8
train/n03888257/n03888257_10919.JPEG,val/n03888257/n03888257_34081.JPEG,random same-class,0,0
train/n03888257/n03888257_1097.JPEG,val/n03888257/n03888257_25611.JPEG,random same-class,4,4
train/n03888257/n03888257_10999.JPEG,val/n03888257/n03888257_33170.JPEG,random same-class,0,0
train/n03888257/n03888257_11237.JPEG,val/n03888257/n03888257_69371.JPEG,random same-class,0,0
train/n03888257/n03888257_1135.JPEG,val/n03888257/ILSVRC2012_val_00002990.JPEG,random same-class,7,7
train/n03888257/n03888257_1137.JPEG,val/n03888257/n03888257_33471.JPEG,random same-class,5,5
train/n03888257/n03888257_11694.JPEG,val/n03888257/n03888257_25810.JPEG,random same-class,0,0
train/n03888257/n03888257_11697.JPEG,val/n03888257/n03888257_57010.JPEG,random same-class,7,7
train/n03888257/n03888257_11845.JPEG,val/n03888257/n03888257_171.JPEG,random same-class,0,0
train/n03888257/n03888257_12413.JPEG,val/n03888257/n03888257_50622.JPEG,random same-class,9,9
train/n03888257/n03888257_12593.JPEG,val/n03888257/n03888257_22330.JPEG,random same-class,19,19
train/n03888257/n03888257_12753.JPEG,val/n03888257/n03888257_5140.JPEG,random same-class,86,86
train/n03888257/n03888257_12973.JPEG,val/n03888257/n03888257_21651.JPEG,random same-class,5,5
train/n03888257/n03888257_13565.JPEG,val/n03888257/n03888257_34320.JPEG,random same-class,5,5
train/n03888257/n03888257_14368.JPEG,val/n03888257/n03888257_26651.JPEG,random same-class,6,6
train/n03888257/n03888257_1446.JPEG,val/n03888257/n03888257_1100.JPEG,random same-class,4,5
train/n03888257/n03888257_15019.JPEG,val/n03888257/n03888257_19260.JPEG,random same-class,0,0
train/n03888257/n03888257_15234.JPEG,val/n03888257/n03888257_22330.JPEG,random same-class,5,5
train/n03888257/n03888257_15527.JPEG,val/n03888257/n03888257_49381.JPEG,random same-class,0,0
train/n03888257/n03888257_15777.JPEG,val/n03888257/n03888257_400.JPEG,random same-class,0,0
train/n03888257/n03888257_16403.JPEG,val/n03888257/n03888257_30402.JPEG,random same-class,8,8
train/n03888257/n03888257_17063.JPEG,val/n03888257/n03888257_9371.JPEG,random same-class,0,0
train/n03888257/n03888257_17269.JPEG,val/n03888257/n03888257_36831.JPEG,random same-class,4,4
train/n03888257/n03888257_17368.JPEG,val/n03888257/n03888257_8381.JPEG,random same-class,7,7
train/n03888257/n03888257_17387.JPEG,val/n03888257/n03888257_30691.JPEG,random same-class,0,0
train/n03888257/n03888257_17513.JPEG,val/n03888257/n03888257_7982.JPEG,random same-class,10,10
train/n03888257/n03888257_18055.JPEG,val/n03888257/n03888257_29191.JPEG,random same-class,0,0
train/n03888257/n03888257_1809.JPEG,val/n03888257/n03888257_21912.JPEG,random same-class,12,12
train/n03888257/n03888257_18464.JPEG,val/n03888257/n03888257_17851.JPEG,random same-class,5,5
train/n03888257/n03888257_18898.JPEG,val/n03888257/n03888257_25150.JPEG,random same-class,0,0
train/n03888257/n03888257_18898.JPEG,val/n03888257/n03888257_6662.JPEG,random same-class,0,0
train/n03888257/n03888257_18947.JPEG,val/n03888257/n03888257_4952.JPEG,random same-class,7,7
train/n03888257/n03888257_19485.JPEG,val/n03888257/n03888257_34081.JPEG,random same-class,0,0
train/n03888257/n03888257_20114.JPEG,val/n03888257/n03888257_15382.JPEG,random same-class,0,0
train/n03888257/n03888257_20114.JPEG,val/n03888257/n03888257_4842.JPEG,random same-class,0,0
train/n03888257/n03888257_20124.JPEG,val/n03888257/n03888257_30680.JPEG,random same-class,0,0
train/n03888257/n03888257_20124.JPEG,val/n03888257/n03888257_46572.JPEG,random same-class,0,0
train/n03888257/n03888257_20433.JPEG,val/n03888257/n03888257_8001.JPEG,random same-class,10,6
train/n03888257/n03888257_20447.JPEG,val/n03888257/n03888257_66961.JPEG,random same-class,8,8
train/n03888257/n03888257_20676.JPEG,val/n03888257/n03888257_3651.JPEG,random same-class,5,5
train/n03888257/n03888257_20945.JPEG,val/n03888257/n03888257_28352.JPEG,random same-class,0,0
train/n03888257/n03888257_21027.JPEG,val/n03888257/n03888257_33170.JPEG,random same-class,0,0
train/n03888257/n03888257_21628.JPEG,val/n03888257/n03888257_13790.JPEG,random same-class,0,0
train/n03888257/n03888257_22147.JPEG,val/n03888257/n03888257_10380.JPEG,random same-class,0,0
train/n03888257/n03888257_226.JPEG,val/n03888257/n03888257_1100.JPEG,random same-class,0,0
train/n03888257/n03888257_22893.JPEG,val/n03888257/n03888257_7130.JPEG,random same-class,0,0
train/n03888257/n03888257_23069.JPEG,val/n03888257/n03888257_19162.JPEG,random same-class,0,0
train/n03888257/n03888257_23113.JPEG,val/n03888257/n03888257_18382.JPEG,random same-class,15,15
train/n03888257/n03888257_23265.JPEG,val/n03888257/n03888257_21150.JPEG,random same-class,0,0
train/n03888257/n03888257_2327.JPEG,val/n03888257/n03888257_13321.JPEG,random same-class,0,0
train/n03888257/n03888257_23338.JPEG,val/n03888257/n03888257_1222.JPEG,random same-class,4,4
train/n03888257/n03888257_23437.JPEG,val/n03888257/n03888257_3632.JPEG,random same-class,10,10
train/n03888257/n03888257_23815.JPEG,val/n03888257/n03888257_25810.JPEG,random same-class,0,0
train/n03888257/n03888257_24024.JPEG,val/n03888257/n03888257_29090.JPEG,random same-class,6,6
train/n03888257/n03888257_2499.JPEG,val/n03888257/n03888257_11561.JPEG,random same-class,5,5
train/n03888257/n03888257_25223.JPEG,val/n03888257/n03888257_10402.JPEG,random same-class,4,4
train/n03888257/n03888257_25509.JPEG,val/n03888257/n03888257_7831.JPEG,random same-class,6,7
train/n03888257/n03888257_25524.JPEG,val/n03888257/n03888257_35962.JPEG,random same-class,5,5
train/n03888257/n03888257_25524.JPEG,val/n03888257/n03888257_6230.JPEG,random same-class,7,7
train/n03888257/n03888257_25565.JPEG,val/n03888257/n03888257_1222.JPEG,random same-class,5,5
train/n03888257/n03888257_25706.JPEG,val/n03888257/n03888257_21432.JPEG,random same-class,4,4
train/n03888257/n03888257_25803.JPEG,val/n03888257/n03888257_13242.JPEG,random same-class,8,8
train/n03888257/n03888257_26785.JPEG,val/n03888257/n03888257_28581.JPEG,random same-class,6,6
train/n03888257/n03888257_27595.JPEG,val/n03888257/n03888257_18031.JPEG,random same-class,0,0
train/n03888257/n03888257_27595.JPEG,val/n03888257/n03888257_36631.JPEG,random same-class,9,9
train/n03888257/n03888257_27996.JPEG,val/n03888257/n03888257_12752.JPEG,random same-class,4,4
train/n03888257/n03888257_28267.JPEG,val/n03888257/n03888257_16542.JPEG,random same-class,0,0
train/n03888257/n03888257_28669.JPEG,val/n03888257/ILSVRC2012_val_00017020.JPEG,random same-class,0,0
train/n03888257/n03888257_28865.JPEG,val/n03888257/n03888257_66961.JPEG,random same-class,5,6
train/n03888257/n03888257_28873.JPEG,val/n03888257/n03888257_33021.JPEG,random same-class,0,0
train/n03888257/n03888257_28923.JPEG,val/n03888257/n03888257_19792.JPEG,random same-class,5,5
train/n03888257/n03888257_28999.JPEG,val/n03888257/n03888257_16081.JPEG,random same-class,6,6
train/n03888257/n03888257_29459.JPEG,val/n03888257/n03888257_33182.JPEG,random same-class,0,0
train/n03888257/n03888257_29555.JPEG,val/n03888257/n03888257_12501.JPEG,random same-class,0,0
train/n03888257/n03888257_29923.JPEG,val/n03888257/n03888257_21432.JPEG,random same-class,11,11
train/n03888257/n03888257_30158.JPEG,val/n03888257/n03888257_12752.JPEG,random same-class,10,10
train/n03888257/n03888257_30185.JPEG,val/n03888257/n03888257_19570.JPEG,random same-class,0,0
train/n03888257/n03888257_30243.JPEG,val/n03888257/n03888257_37362.JPEG,random same-class,0,0
train/n03888257/n03888257_30243.JPEG,val/n03888257/n03888257_48910.JPEG,random same-class,0,0
train/n03888257/n03888257_30279.JPEG,val/n03888257/n03888257_32970.JPEG,random same-class,0,0
train/n03888257/n03888257_30588.JPEG,val/n03888257/n03888257_11452.JPEG,random same-class,0,0
train/n03888257/n03888257_30655.JPEG,val/n03888257/n03888257_17641.JPEG,random same-class,0,0
train/n03888257/n03888257_30668.JPEG,val/n03888257/n03888257_23421.JPEG,random same-class,0,0
train/n03888257/n03888257_30735.JPEG,val/n03888257/n03888257_20352.JPEG,random same-class,7,7
train/n03888257/n03888257_30875.JPEG,val/n03888257/n03888257_10380.JPEG,random same-class,0,0
train/n03888257/n03888257_3093.JPEG,val/n03888257/n03888257_35962.JPEG,random same-class,0,0
train/n03888257/n03888257_31075.JPEG,val/n03888257/n03888257_39021.JPEG,random same-class,6,6
train/n03888257/n03888257_31624.JPEG,val/n03888257/n03888257_7960.JPEG,random same-class,0,0
train/n03888257/n03888257_31794.JPEG,val/n03888257/n03888257_15840.JPEG,random same-class,0,0
train/n03888257/n03888257_31987.JPEG,val/n03888257/n03888257_25150.JPEG,random same-class,0,0
train/n03888257/n03888257_3238.JPEG,val/n03888257/n03888257_12801.JPEG,random same-class,4,4
train/n03888257/n03888257_32398.JPEG,val/n03888257/ILSVRC2012_val_00025121.JPEG,random same-class,4,4
train/n03888257/n03888257_33818.JPEG,val/n03888257/n03888257_2222.JPEG,random same-class,5,5
train/n03888257/n03888257_34125.JPEG,val/n03888257/n03888257_17970.JPEG,random same-class,7,7
train/n03888257/n03888257_3478.JPEG,val/n03888257/ILSVRC2012_val_00038942.JPEG,random same-class,0,0
train/n03888257/n03888257_35223.JPEG,val/n03888257/n03888257_38200.JPEG,random same-class,0,0
train/n03888257/n03888257_35407.JPEG,val/n03888257/n03888257_36541.JPEG,random same-class,0,0
train/n03888257/n03888257_35764.JPEG,val/n03888257/n03888257_30911.JPEG,random same-class,6,6
train/n03888257/n03888257_3595.JPEG,val/n03888257/n03888257_12801.JPEG,random same-class,0,0
train/n03888257/n03888257_36129.JPEG,val/n03888257/n03888257_30402.JPEG,random same-class,0,0
train/n03888257/n03888257_36278.JPEG,val/n03888257/n03888257_4512.JPEG,random same-class,7,7
train/n03888257/n03888257_36469.JPEG,val/n03888257/n03888257_66961.JPEG,random same-class,5,6
train/n03888257/n03888257_36506.JPEG,val/n03888257/n03888257_72911.JPEG,random same-class,0,0
train/n03888257/n03888257_38305.JPEG,val/n03888257/n03888257_8381.JPEG,random same-class,0,0
train/n03888257/n03888257_38516.JPEG,val/n03888257/n03888257_19211.JPEG,random same-class,0,0
train/n03888257/n03888257_38613.JPEG,val/n03888257/n03888257_76331.JPEG,random same-class,0,0
train/n03888257/n03888257_38929.JPEG,val/n03888257/n03888257_58270.JPEG,random same-class,0,0
train/n03888257/n03888257_39575.JPEG,val/n03888257/n03888257_29910.JPEG,random same-class,0,0
train/n03888257/n03888257_39575.JPEG,val/n03888257/n03888257_30402.JPEG,random same-class,4,4
train/n03888257/n03888257_40227.JPEG,val/n03888257/n03888257_28352.JPEG,random same-class,0,0
train/n03888257/n03888257_41055.JPEG,val/n03888257/n03888257_23680.JPEG,random same-class,8,8
train/n03888257/n03888257_4117.JPEG,val/n03888257/n03888257_12801.JPEG,random same-class,0,0
train/n03888257/n03888257_41498.JPEG,val/n03888257/n03888257_11580.JPEG,random same-class,0,0
train/n03888257/n03888257_4259.JPEG,val/n03888257/n03888257_43982.JPEG,random same-class,0,0
train/n03888257/n03888257_42848.JPEG,val/n03888257/n03888257_5812.JPEG,random same-class,0,0
train/n03888257/n03888257_42945.JPEG,val/n03888257/n03888257_33170.JPEG,random same-class,0,0
train/n03888257/n03888257_43086.JPEG,val/n03888257/n03888257_16542.JPEG,random same-class,0,0
train/n03888257/n03888257_43169.JPEG,val/n03888257/n03888257_25420.JPEG,random same-class,5,5
train/n03888257/n03888257_44074.JPEG,val/n03888257/n03888257_9082.JPEG,random same-class,0,0
train/n03888257/n03888257_46696.JPEG,val/n03888257/n03888257_17690.JPEG,random same-class,0,0
train/n03888257/n03888257_4683.JPEG,val/n03888257/n03888257_4580.JPEG,random same-class,0,0
train/n03888257/n03888257_46943.JPEG,val/n03888257/n03888257_1421.JPEG,random same-class,0,0
train/n03888257/n03888257_4738.JPEG,val/n03888257/n03888257_39402.JPEG,random same-class,0,0
train/n03888257/n03888257_4738.JPEG,val/n03888257/n03888257_67221.JPEG,random same-class,0,0
train/n03888257/n03888257_4809.JPEG,val/n03888257/n03888257_37270.JPEG,random same-class,10,10
train/n03888257/n03888257_4919.JPEG,val/n03888257/n03888257_18382.JPEG,random same-class,0,0
train/n03888257/n03888257_4927.JPEG,val/n03888257/n03888257_38391.JPEG,random same-class,4,4
train/n03888257/n03888257_4988.JPEG,val/n03888257/n03888257_13242.JPEG,random same-class,0,0
train/n03888257/n03888257_50106.JPEG,val/n03888257/n03888257_9671.JPEG,random same-class,0,0
train/n03888257/n03888257_50108.JPEG,val/n03888257/n03888257_7331.JPEG,random same-class,0,0
train/n03888257/n03888257_50108.JPEG,val/n03888257/n03888257_9082.JPEG,random same-class,0,0
train/n03888257/n03888257_53087.JPEG,val/n03888257/n03888257_76121.JPEG,random same-class,0,0
train/n03888257/n03888257_5404.JPEG,val/n03888257/n03888257_19471.JPEG,random same-class,0,0
train/n03888257/n03888257_54265.JPEG,val/n03888257/n03888257_3632.JPEG,random same-class,0,0
train/n03888257/n03888257_56355.JPEG,val/n03888257/n03888257_19260.JPEG,random same-class,6,6
train/n03888257/n03888257_56667.JPEG,val/n03888257/n03888257_20352.JPEG,random same-class,0,0
train/n03888257/n03888257_56857.JPEG,val/n03888257/n03888257_11282.JPEG,random same-class,0,0
train/n03888257/n03888257_61007.JPEG,val/n03888257/n03888257_42680.JPEG,random same-class,0,0
train/n03888257/n03888257_61136.JPEG,val/n03888257/n03888257_8001.JPEG,random same-class,5,0
train/n03888257/n03888257_62568.JPEG,val/n03888257/n03888257_57570.JPEG,random same-class,0,0
train/n03888257/n03888257_6265.JPEG,val/n03888257/n03888257_22540.JPEG,random same-class,0,0
train/n03888257/n03888257_6265.JPEG,val/n03888257/n03888257_5692.JPEG,random same-class,0,0
train/n03888257/n03888257_6338.JPEG,val/n03888257/n03888257_880.JPEG,random same-class,4,4
train/n03888257/n03888257_6395.JPEG,val/n03888257/n03888257_16912.JPEG,random same-class,0,0
train/n03888257/n03888257_63966.JPEG,val/n03888257/n03888257_34632.JPEG,random same-class,0,0
train/n03888257/n03888257_6417.JPEG,val/n03888257/n03888257_11081.JPEG,random same-class,4,4
train/n03888257/n03888257_6516.JPEG,val/n03888257/n03888257_51872.JPEG,random same-class,5,5
train/n03888257/n03888257_6573.JPEG,val/n03888257/n03888257_51522.JPEG,random same-class,0,0
train/n03888257/n03888257_65828.JPEG,val/n03888257/n03888257_20012.JPEG,random same-class,0,0
train/n03888257/n03888257_66987.JPEG,val/n03888257/n03888257_18742.JPEG,random same-class,0,0
train/n03888257/n03888257_68953.JPEG,val/n03888257/n03888257_18360.JPEG,random same-class,5,5
train/n03888257/n03888257_7027.JPEG,val/n03888257/n03888257_39031.JPEG,random same-class,5,5
train/n03888257/n03888257_7294.JPEG,val/n03888257/n03888257_57570.JPEG,random same-class,0,0
train/n03888257/n03888257_75495.JPEG,val/n03888257/n03888257_1251.JPEG,random same-class,5,5
train/n03888257/n03888257_75495.JPEG,val/n03888257/n03888257_7610.JPEG,random same-class,6,8
train/n03888257/n03888257_7825.JPEG,val/n03888257/n03888257_31370.JPEG,random same-class,0,0
train/n03888257/n03888257_8275.JPEG,val/n03888257/n03888257_37362.JPEG,random same-class,0,0
train/n03888257/n03888257_8423.JPEG,val/n03888257/n03888257_33250.JPEG,random same-class,0,0
train/n03888257/n03888257_9059.JPEG,val/n03888257/n03888257_36631.JPEG,random same-class,5,5
train/n03888257/n03888257_9193.JPEG,val/n03888257/n03888257_11210.JPEG,random same-class,3,3
train/n03888257/n03888257_9193.JPEG,val/n03888257/n03888257_42680.JPEG,random same-class,6,6
train/n03888257/n03888257_9209.JPEG,val/n03888257/n03888257_34031.JPEG,random same-class,7,7
train/n03888257/n03888257_936.JPEG,val/n03888257/n03888257_76331.JPEG,random same-class,0,0
train/n03888257/n03888257_9378.JPEG,val/n03888257/n03888257_66361.JPEG,random same-class,0,0
train/n03888257/n03888257_94.JPEG,val/n03888257/n03888257_26931.JPEG,random same-class,6,7
train/n03888257/n03888257_9488.JPEG,val/n03888257/n03888257_30270.JPEG,random same-class,6,6
train/n03888257/n03888257_9739.JPEG,val/n03888257/n03888257_33931.JPEG,random same-class,6,6
train/n03888257/n03888257_9908.JPEG,val/n03888257/n03888257_510.JPEG,random same-class,0,0
